Data Input Year,State,Country,Language,IPEDS Race Description,Athletic Code,Team Gender,Team Name,HYR,Entering Term,Yr,FCLASS,RetentionClass,ACADINDEX,SATCFORAI,ACTUSE,SATCUSE,SATVUSE,satm,satwr,HSGPA,FIRSTCOLLEGE,FIRSTMAJOR,First Major Name,LASTCOLLEGE,LASTMAJOR,Last Major Name,Last Cumulative BU GPA,Cumulative GPA-1st Sem,Cumulative GPA-2nd Sem,Cumulative GPA-3rd Sem,Cumulative GPA-4th Sem,Cumulative GPA-5th Sem,Cumulative GPA-6th Sem,Cumulative GPA-7th Sem,Cumulative GPA-8th Sem,Cumulative GPA-9th Sem,Cumulative GPA-10th Sem,Cumulative GPA-11th Sem,Cumulative GPA-12th Sem,Cumulative GPA-13th Sem,Cumulative GPA-14th Sem,Cumulative GPA-15th Sem,Cumulative GPA-16th Sem,Cumulative GPA-17th Sem,Cumulative GPA-18th Sem,Cumulative GPA-19th Sem,Cumulative GPA-20th Sem,Cumulative GPA-21st Sem,Cumulative GPA-22nd Sem,Semester GPI-1st Sem,Semester GPI-2nd Sem,Semester GPI-3rd Sem,Semester GPI-4th Sem,Semester GPI-5th Sem,Semester GPI-6th Sem,Semester GPI-7th Sem,Semester GPI-8th Sem,Semester GPI-9th Sem,Semester GPI-10th Sem,Semester GPI-11th Sem,SwitchedMajor,transfer,Last Cumulative and First GPA diff,Standardized Test
2021,CT,USA,English,African American or Black,SC,M,MEN'S SOCCER,S17,Fall2017,U4,FRESHMEN,Freshmen,204.7,1230.0,,1230.0,,,,3.6,COM,602.0,Journalism,COM,601.0,Communication,3.46,2.9,3.04,3.14,3.19,3.29,3.34,3.41,3.46,3.46,3.46,3.46,3.46,3.46,3.46,3.46,3.46,3.46,3.46,3.46,3.46,3.46,3.46,2.9,3.18,3.35,3.33,3.68,3.6,3.85,3.9,0.0,0.0,0.0,1,0,0.56,1
2023,,Germany,Non-English,Non-Resident Alien,MC,M,MEN'S ROWING,S21,Fall2021,U3,FRESHMEN,Freshmen,,,,,,0.0,0.0,3.5,CAS,2204.0,Economics,QST,506.0,Business Admin & Mgt,3.66,3.93,3.93,3.77,3.66,3.66,3.66,3.66,3.66,3.66,3.66,3.66,3.66,3.66,3.66,3.66,3.66,3.66,3.66,3.66,3.66,3.66,3.66,3.93,3.94,3.48,3.34,0.0,0.0,0.0,0.0,0.0,0.0,0.0,1,0,-0.27,1
2023,RI,USA,English,White,HC,M,MEN'S ICE HOCKEY,S19,Fall2019,U4,FRESHMEN,Freshmen,193.5,1200.0,,,,0.0,0.0,3.2,CAS,2001.0,Psychology,SHA,518.0,Hospitality Admin,3.46,3.67,3.73,3.8,3.63,3.49,3.52,3.51,3.46,3.46,3.46,3.46,3.46,3.46,3.46,3.46,3.46,3.46,3.46,3.46,3.46,3.46,3.46,3.67,3.78,3.93,3.15,3.09,3.68,3.2,3.4,0.0,0.0,0.0,1,0,-0.20999999999999996,1
2021,,Kenya,Non-English,Non-Resident Alien,SC,M,MEN'S SOCCER,S20,Fall2020,U1,FRESHMEN,Freshmen,207.0,1260.0,,,,,,3.6,CAS,401.0,Biology,SAR,5561.0,Behavior and Health,3.8,3.85,3.8,3.8,3.8,3.8,3.8,3.8,3.8,3.8,3.8,3.8,3.8,3.8,3.8,3.8,3.8,3.8,3.8,3.8,3.8,3.8,3.8,3.85,3.75,0.0,0.0,0.0,0.0,0.0,0.0,0.0,0.0,0.0,1,0,-0.050000000000000266,1
2021,,United Kingdom,English,Non-Resident Alien,SC,M,MEN'S SOCCER,J19,Fall2019,U4,TRANSFERS,Transfers,240.0,,,,,,,3.1,CAS,2204.0,Economics,QST,506.0,Business Admin & Mgt,3.12,3.18,3.18,3.22,3.22,3.12,3.12,3.12,3.12,3.12,3.12,3.12,3.12,3.12,3.12,3.12,3.12,3.12,3.12,3.12,3.12,3.12,3.12,3.18,0.0,3.43,0.0,3.25,0.0,0.0,0.0,0.0,0.0,0.0,1,1,-0.06000000000000005,1
2023,NY,USA,English,White,LM,M,LACROSSE (MEN),S20,Fall2020,U3,FRESHMEN,Freshmen,217.5,1340.0,29.0,,,0.0,0.0,3.8,CAS,2204.0,Economics,QST,506.0,Business Admin & Mgt,2.91,2.75,2.75,2.83,2.88,2.86,2.91,2.91,2.91,2.91,2.91,2.91,2.91,2.91,2.91,2.91,2.91,2.91,2.91,2.91,2.91,2.91,2.91,2.75,2.75,3.0,3.0,2.78,3.18,0.0,0.0,0.0,0.0,0.0,1,0,0.16000000000000014,1
2021,,Russia,Non-English,Non-Resident Alien,MT,M,MEN'S TENNIS,S19,Fall2019,U2,FRESHMEN,Freshmen,205.5,1320.0,,,,,,3.4,CAS,2204.0,Economics,QST,506.0,Business Admin & Mgt,3.68,3.85,3.76,3.69,3.68,3.68,3.68,3.68,3.68,3.68,3.68,3.68,3.68,3.68,3.68,3.68,3.68,3.68,3.68,3.68,3.68,3.68,3.68,3.85,3.68,3.56,3.65,0.0,0.0,0.0,0.0,0.0,0.0,0.0,1,0,-0.16999999999999993,1
2023,MA,USA,English,White,SC,M,MEN'S SOCCER,S20,Fall2020,U3,FRESHMEN,Freshmen,220.5,1340.0,29.0,,,0.0,0.0,4.0,CAS,2204.0,Economics,QST,506.0,Business Admin & Mgt,3.19,3.58,3.35,3.36,3.28,3.26,3.19,3.19,3.19,3.19,3.19,3.19,3.19,3.19,3.19,3.19,3.19,3.19,3.19,3.19,3.19,3.19,3.19,3.58,3.14,3.4,3.0,3.18,2.85,0.0,0.0,0.0,0.0,0.0,1,0,-0.3900000000000001,1
2021,PA,USA,English,African American or Black,MC,M,MEN'S ROWING,S17,Fall2017,U4,FRESHMEN,Freshmen,201.0,1220.0,27.0,,,,,3.5,CAS,5558.0,Health Science,CAS,2204.0,Economics,3.55,3.0,3.24,3.3,3.31,3.37,3.47,3.51,3.55,3.55,3.55,3.55,3.55,3.55,3.55,3.55,3.55,3.55,3.55,3.55,3.55,3.55,3.55,3.0,3.43,3.4,3.35,3.58,4.0,3.75,3.85,0.0,0.0,0.0,1,0,0.5499999999999998,1
2021,CO,USA,English,White,CC,M,CROSS COUNTRY (MEN),S17,Fall2017,U4,FRESHMEN,Freshmen,222.0,1420.0,32.0,,,,,3.7,CAS,401.0,Biology,CAS,1522.0,Phil & Political Sci,3.6,3.33,3.53,3.45,3.43,3.47,3.47,3.54,3.6,3.6,3.6,3.6,3.6,3.6,3.6,3.6,3.6,3.6,3.6,3.6,3.6,3.6,3.6,3.33,3.68,3.33,3.33,3.6,0.0,3.78,3.88,0.0,0.0,0.0,1,0,0.27,1
2023,MA,USA,English,White,LM,M,LACROSSE (MEN),S21,Fall2021,U2,FRESHMEN,Freshmen,,,,,,0.0,0.0,3.1,CAS,2204.0,Economics,SHA,518.0,Hospitality Admin,2.64,2.68,2.59,2.68,2.64,2.64,2.64,2.64,2.64,2.64,2.64,2.64,2.64,2.64,2.64,2.64,2.64,2.64,2.64,2.64,2.64,2.64,2.64,2.68,2.49,2.6,2.47,0.0,0.0,0.0,0.0,0.0,0.0,0.0,1,0,-0.040000000000000036,1
2023,CT,USA,English,White,MC,M,MEN'S ROWING,S21,Fall2021,U2,FRESHMEN,Freshmen,,,,,,0.0,0.0,3.6,CAS,2204.0,Economics,QST,506.0,Business Admin & Mgt,2.83,2.15,2.69,2.72,2.83,2.83,2.83,2.83,2.83,2.83,2.83,2.83,2.83,2.83,2.83,2.83,2.83,2.83,2.83,2.83,2.83,2.83,2.83,2.15,3.18,2.78,3.18,0.0,0.0,0.0,0.0,0.0,0.0,0.0,1,0,0.6800000000000002,1
2023,IL,USA,English,Hispanic/Latino,TR,M,MEN'S TRACK AND FIELD,S20,Fall2020,U3,FRESHMEN,Freshmen,229.5,1460.0,33.0,,,0.0,0.0,4.0,CAS,1905.0,Chemistry,CAS,701.0,Computer Science,3.46,3.43,3.34,3.49,3.54,3.52,3.46,3.46,3.46,3.46,3.46,3.46,3.46,3.46,3.46,3.46,3.46,3.46,3.46,3.46,3.46,3.46,3.46,3.43,3.26,3.74,3.77,3.5,3.08,0.0,0.0,0.0,0.0,0.0,1,0,0.029999999999999805,1
2023,PA,USA,English,White,LM,M,LACROSSE (MEN),S21,Fall2021,U2,FRESHMEN,Freshmen,210.7,1230.0,,,,0.0,0.0,3.9,CAS,2204.0,Economics,QST,506.0,Business Admin & Mgt,3.3,3.1,3.16,3.32,3.3,3.3,3.3,3.3,3.3,3.3,3.3,3.3,3.3,3.3,3.3,3.3,3.3,3.3,3.3,3.3,3.3,3.3,3.3,3.1,3.23,3.58,3.25,0.0,0.0,0.0,0.0,0.0,0.0,0.0,1,0,0.19999999999999973,1
2023,NY,USA,English,White,LM,M,LACROSSE (MEN),S21,Fall2021,U4,TRANSFERS,Transfers,210.0,,,,,0.0,0.0,3.6,CAS,2204.0,Economics,COM,691.0,Public Relations,3.44,3.47,3.31,3.42,3.44,3.44,3.44,3.44,3.44,3.44,3.44,3.44,3.44,3.44,3.44,3.44,3.44,3.44,3.44,3.44,3.44,3.44,3.44,3.47,3.2,3.48,3.43,0.0,0.0,0.0,0.0,0.0,0.0,0.0,1,1,-0.03000000000000025,1
2022,,United Kingdom,English,Non-Resident Alien,MC,M,MEN'S ROWING,J18,Fall2018,G1,FRESHMEN,Freshmen,209.2,1290.0,27.0,,,,,3.6,ENG,910.0,Mechanical Engnrng,ENG,930.0,Computer Engineering,3.14,3.64,3.64,3.01,3.01,3.0,3.0,3.13,3.13,3.13,3.13,3.13,3.13,3.13,3.13,3.13,3.13,3.13,3.13,3.13,3.13,3.13,3.13,3.64,0.0,2.73,0.0,3.63,0.0,3.33,0.0,0.0,0.0,0.0,1,0,-0.5,1
2022,WA,USA,English,White,LM,M,LACROSSE (MEN),S18,Fall2018,U4,FRESHMEN,Freshmen,220.5,1400.0,30.0,,,,,3.7,ENG,930.0,Computer Engineering,ENG,910.0,Mechanical Engnrng,2.66,2.33,2.62,2.67,2.68,2.63,2.42,2.49,2.66,2.66,2.66,2.66,2.66,2.66,2.66,2.66,2.66,2.66,2.66,2.66,2.66,2.66,2.66,2.33,2.99,2.75,3.0,2.57,1.63,2.04,3.91,0.0,0.0,0.0,1,0,0.33000000000000007,1
2023,MA,USA,English,White,HC,M,MEN'S ICE HOCKEY,S20,Fall2020,U3,FRESHMEN,Freshmen,183.7,1130.0,,,,0.0,0.0,2.9,CAS,2208.0,Sociology,COM,614.0,Advertising,3.09,3.5,3.41,3.23,3.19,3.17,3.09,3.09,3.09,3.09,3.09,3.09,3.09,3.09,3.09,3.09,3.09,3.09,3.09,3.09,3.09,3.09,3.09,3.5,3.33,2.88,3.03,3.18,2.57,0.0,0.0,0.0,0.0,0.0,1,0,-0.41000000000000014,1
2023,MA,USA,English,White,HC,M,MEN'S ICE HOCKEY,S19,Fall2019,U4,FRESHMEN,Freshmen,201.7,1310.0,28.0,,,0.0,0.0,3.2,CAS,2204.0,Economics,SHA,518.0,Hospitality Admin,3.15,2.58,2.94,2.81,2.82,2.88,3.02,3.05,3.15,3.15,3.15,3.15,3.15,3.15,3.15,3.15,3.15,3.15,3.15,3.15,3.15,3.15,3.15,2.58,3.43,2.88,2.77,3.12,3.39,3.78,3.17,0.0,0.0,0.0,1,0,0.5699999999999998,1
2023,CT,USA,English,White,TR,M,MEN'S TRACK AND FIELD,S19,Fall2019,U4,FRESHMEN,Freshmen,227.2,1430.0,32.0,,,0.0,0.0,4.0,ENG,905.0,Biomedical Engnrng,CAS,440.0,Marine Science,2.98,3.0,2.86,3.03,2.83,2.86,2.85,3.01,2.98,2.98,2.98,2.98,2.98,2.98,2.98,2.98,2.98,2.98,2.98,2.98,2.98,2.98,2.98,3.0,2.65,3.25,2.23,2.83,2.83,3.83,2.83,0.0,0.0,0.0,1,0,-0.020000000000000018,1
2023,MD,USA,English,White,SC,M,MEN'S SOCCER,S19,Fall2019,U4,FRESHMEN,Freshmen,227.2,1430.0,32.0,,,0.0,0.0,4.0,CAS,2204.0,Economics,CAS,472.0,Bio w/spec Beh Bio,3.82,3.6,3.71,3.71,3.75,3.78,3.8,3.81,3.82,3.82,3.82,3.82,3.82,3.82,3.82,3.82,3.82,3.82,3.82,3.82,3.82,3.82,3.82,3.6,3.83,4.0,3.78,3.93,3.93,3.83,4.0,0.0,0.0,0.0,1,0,0.21999999999999975,1
2022,MA,USA,English,White,MC,M,MEN'S ROWING,S19,Fall2019,U4,TRANSFERS,Transfers,207.0,1320.0,,,,,,3.5,CAS,440.0,Marine Science,SAR,5558.0,Health Science,3.71,3.5,3.75,3.82,3.82,3.74,3.71,3.71,3.71,3.71,3.71,3.71,3.71,3.71,3.71,3.71,3.71,3.71,3.71,3.71,3.71,3.71,3.71,3.5,4.0,3.93,3.85,3.33,3.35,0.0,0.0,0.0,0.0,0.0,1,1,0.20999999999999996,1
2023,NJ,USA,English,White,TR,M,MEN'S TRACK AND FIELD,S20,Fall2020,U3,FRESHMEN,Freshmen,207.0,1260.0,,,,0.0,0.0,3.6,CAS,1706.0,Math and Math Educ,SAR,5558.0,Health Science,3.11,2.25,2.5,2.75,2.86,3.01,3.11,3.11,3.11,3.11,3.11,3.11,3.11,3.11,3.11,3.11,3.11,3.11,3.11,3.11,3.11,3.11,3.11,2.25,2.75,3.25,3.23,3.6,3.58,0.0,0.0,0.0,0.0,0.0,1,0,0.8599999999999999,1
2023,,Mexico,Non-English,Non-Resident Alien,MT,M,MEN'S TENNIS,S20,Fall2020,U3,FRESHMEN,Freshmen,204.0,1360.0,,,,0.0,0.0,3.1,CAS,2001.0,Psychology,COM,614.0,Advertising,3.61,3.75,3.41,3.42,3.48,3.51,3.61,3.61,3.61,3.61,3.61,3.61,3.61,3.61,3.61,3.61,3.61,3.61,3.61,3.61,3.61,3.61,3.61,3.75,3.08,3.43,3.68,3.6,4.0,0.0,0.0,0.0,0.0,0.0,1,0,-0.14000000000000012,1
2022,CA,USA,English,White,MT,M,MEN'S TENNIS,S20,Fall2020,U2,FRESHMEN,Freshmen,204.0,1360.0,,,,,,3.1,CAS,2001.0,Psychology,COM,614.0,Advertising,3.48,3.75,3.41,3.42,3.48,3.48,3.48,3.48,3.48,3.48,3.48,3.48,3.48,3.48,3.48,3.48,3.48,3.48,3.48,3.48,3.48,3.48,3.48,3.75,3.08,3.43,3.68,0.0,0.0,0.0,0.0,0.0,0.0,0.0,1,0,-0.27,1
2023,MN,USA,English,White,SM,M,MEN'S SWIMMING,S21,Fall2021,U2,FRESHMEN,Freshmen,232.5,1500.0,34.0,,,0.0,0.0,4.0,CAS,401.0,Biology,SAR,1237.0,Human Physiology,3.41,3.35,3.51,3.48,3.41,3.41,3.41,3.41,3.41,3.41,3.41,3.41,3.41,3.41,3.41,3.41,3.41,3.41,3.41,3.41,3.41,3.41,3.41,3.35,3.68,3.43,3.18,0.0,0.0,0.0,0.0,0.0,0.0,0.0,1,0,0.06000000000000005,1
2023,IL,USA,English,White,SM,M,MEN'S SWIMMING,S19,Fall2019,U4,FRESHMEN,Freshmen,217.5,1340.0,29.0,,,0.0,0.0,3.8,CAS,401.0,Biology,SAR,1237.0,Human Physiology,3.31,3.0,2.96,3.12,3.11,3.09,3.17,3.24,3.31,3.31,3.31,3.31,3.31,3.31,3.31,3.31,3.31,3.31,3.31,3.31,3.31,3.31,3.31,3.0,2.93,3.43,3.08,3.0,3.58,3.8,3.78,0.0,0.0,0.0,1,0,0.31000000000000005,1
2022,WA,USA,English,White,MC,M,MEN'S ROWING,S19,Fall2019,U3,FRESHMEN,Freshmen,228.7,1470.0,,,,,,3.9,QST,506.0,Business Admin & Mgt,CAS,1911.0,Astronomy,3.48,3.53,3.64,3.58,3.48,3.52,3.48,3.48,3.48,3.48,3.48,3.48,3.48,3.48,3.48,3.48,3.48,3.48,3.48,3.48,3.48,3.48,3.48,3.53,4.0,3.14,3.67,3.01,3.54,0.0,0.0,0.0,0.0,0.0,1,0,-0.04999999999999982,1
2023,WI,USA,English,White,SM,M,MEN'S SWIMMING,S20,Fall2020,U3,FRESHMEN,Freshmen,225.7,1430.0,32.0,,,0.0,0.0,3.9,CAS,440.0,Marine Science,SAR,424.0,Nutritional Sciences,3.48,3.68,3.68,3.6,3.44,3.48,3.48,3.48,3.48,3.48,3.48,3.48,3.48,3.48,3.48,3.48,3.48,3.48,3.48,3.48,3.48,3.48,3.48,3.68,3.68,3.13,3.33,3.6,3.5,0.0,0.0,0.0,0.0,0.0,1,0,-0.20000000000000018,1
2023,MI,USA,English,White,HC,M,MEN'S ICE HOCKEY,S21,Fall2021,U2,FRESHMEN,Freshmen,,,,,,0.0,0.0,3.8,CAS,2204.0,Economics,SHA,518.0,Hospitality Admin,2.95,2.67,2.57,2.85,2.95,2.95,2.95,2.95,2.95,2.95,2.95,2.95,2.95,2.95,2.95,2.95,2.95,2.95,2.95,2.95,2.95,2.95,2.95,2.67,2.47,3.28,3.2,0.0,0.0,0.0,0.0,0.0,0.0,0.0,1,0,0.28000000000000025,1
2023,,Italy,Non-English,Non-Resident Alien,MC,M,MEN'S ROWING,S21,Fall2021,U2,FRESHMEN,Freshmen,,,,,,0.0,0.0,3.3,CAS,2204.0,Economics,QST,506.0,Business Admin & Mgt,3.84,3.93,3.86,3.8,3.84,3.84,3.84,3.84,3.84,3.84,3.84,3.84,3.84,3.84,3.84,3.84,3.84,3.84,3.84,3.84,3.84,3.84,3.84,3.93,3.79,3.7,3.93,0.0,0.0,0.0,0.0,0.0,0.0,0.0,1,0,-0.0900000000000003,1
2021,NY,USA,English,White,LM,M,LACROSSE (MEN),S19,Fall2019,U3,TRANSFERS,Transfers,210.0,,,,,,,3.3,CAS,2204.0,Economics,COM,601.0,Communication,3.08,2.25,2.75,2.92,3.08,3.08,3.08,3.08,3.08,3.08,3.08,3.08,3.08,3.08,3.08,3.08,3.08,3.08,3.08,3.08,3.08,3.08,3.08,2.25,3.25,3.2,3.48,0.0,0.0,0.0,0.0,0.0,0.0,0.0,1,1,0.8300000000000001,1
2022,NY,USA,English,White,LM,M,LACROSSE (MEN),S18,Fall2018,U4,FRESHMEN,Freshmen,201.7,1290.0,,,,,,3.3,CAS,317.0,Interntl Relations,CAS,2001.0,Psychology,3.4,3.53,3.44,3.33,3.41,3.36,3.38,3.39,3.4,3.4,3.4,3.4,3.4,3.4,3.4,3.4,3.4,3.4,3.4,3.4,3.4,3.4,3.4,3.53,3.35,3.1,3.77,3.15,3.48,3.42,3.48,0.0,0.0,0.0,1,0,-0.1299999999999999,1
2022,FL,USA,English,Hispanic/Latino,LM,M,LACROSSE (MEN),S19,Fall2019,U3,FRESHMEN,Freshmen,207.7,1350.0,,,,,,3.4,CAS,447.0,"Bio, Ecology & Consv",SHA,518.0,Hospitality Admin,3.26,2.33,2.93,3.23,3.33,3.27,3.26,3.26,3.26,3.26,3.26,3.26,3.26,3.26,3.26,3.26,3.26,3.26,3.26,3.26,3.26,3.26,3.26,2.33,3.53,3.68,3.58,3.05,3.23,0.0,0.0,0.0,0.0,0.0,1,0,0.9299999999999997,1
2023,MA,USA,English,White,CC,M,CROSS COUNTRY (MEN),S19,Fall2019,U4,FRESHMEN,Freshmen,210.7,1230.0,,,,0.0,0.0,3.9,CAS,910.0,Mechanical Engnrng,SAR,5558.0,Health Science,3.28,2.68,2.73,2.68,2.87,2.99,3.1,3.22,3.28,3.28,3.28,3.28,3.28,3.28,3.28,3.28,3.28,3.28,3.28,3.28,3.28,3.28,3.28,2.68,2.8,3.0,3.1,3.5,3.68,3.93,3.68,0.0,0.0,0.0,1,0,0.5999999999999996,1
2021,,Austrailia,English,Non-Resident Alien,CC,M,CROSS COUNTRY (MEN),S17,Fall2017,U4,FRESHMEN,Freshmen,194.2,1250.0,,1250.0,,,,3.0,SAR,1237.0,Human Physiology,SAR,5558.0,Health Science,3.46,2.7,3.25,3.25,3.36,3.37,3.4,3.44,3.46,3.46,3.46,3.46,3.46,3.46,3.46,3.46,3.46,3.46,3.46,3.46,3.46,3.46,3.46,2.7,3.61,3.25,3.68,3.4,4.0,3.68,3.6,0.0,0.0,0.0,1,0,0.7599999999999998,1
2023,NJ,USA,English,White,CC,M,CROSS COUNTRY (MEN),S20,Fall2020,U3,FRESHMEN,Freshmen,232.5,1500.0,33.0,,,0.0,0.0,4.0,ENG,1741.0,Stats&ComputerSci,CAS,701.0,Computer Science,3.65,3.53,3.35,3.53,3.51,3.6,3.65,3.65,3.65,3.65,3.65,3.65,3.65,3.65,3.65,3.65,3.65,3.65,3.65,3.65,3.65,3.65,3.65,3.53,3.18,3.78,3.43,4.0,3.93,0.0,0.0,0.0,0.0,0.0,1,0,0.1200000000000001,1
2022,IL,USA,English,White,LM,M,LACROSSE (MEN),S19,Fall2019,U3,FRESHMEN,Freshmen,213.0,1280.0,27.0,,,,,3.8,CAS,2207.0,Political Science,COM,614.0,Advertising,3.2,3.0,3.2,3.08,3.18,3.12,3.2,3.2,3.2,3.2,3.2,3.2,3.2,3.2,3.2,3.2,3.2,3.2,3.2,3.2,3.2,3.2,3.2,3.0,4.0,2.93,3.4,2.93,3.53,0.0,0.0,0.0,0.0,0.0,1,0,0.20000000000000018,1
2023,FL,USA,English,Hispanic/Latino,SC,M,MEN'S SOCCER,J22,Fall2022,U2,FRESHMEN,Freshmen,,,,,,0.0,0.0,3.3,CAS,2204.0,Economics,SHA,518.0,Hospitality Admin,2.38,2.9,2.9,2.38,2.38,2.38,2.38,2.38,2.38,2.38,2.38,2.38,2.38,2.38,2.38,2.38,2.38,2.38,2.38,2.38,2.38,2.38,2.38,2.9,0.0,2.43,0.0,0.0,0.0,0.0,0.0,0.0,0.0,0.0,1,0,-0.52,1
2021,CA,USA,English,White,SM,M,MEN'S SWIMMING,S17,Fall2017,U3,FRESHMEN,Freshmen,220.5,1380.0,31.0,,,,,3.8,SAR,1237.0,Human Physiology,QST,506.0,Business Admin & Mgt,2.49,2.23,2.3,2.3,2.3,2.52,2.61,2.66,2.49,2.49,2.49,2.49,2.49,2.49,2.49,2.49,2.49,2.49,2.49,2.49,2.49,2.49,2.49,2.23,2.36,0.0,0.0,2.88,3.0,2.0,2.33,0.0,0.0,0.0,1,0,0.26000000000000023,1
2023,WA,USA,English,White,LM,M,LACROSSE (MEN),S19,Fall2019,U4,FRESHMEN,Freshmen,210.7,1310.0,28.0,,,0.0,0.0,3.6,CAS,317.0,Interntl Relations,QST,506.0,Business Admin & Mgt,2.8,2.43,2.68,2.73,2.93,2.9,2.82,2.82,2.8,2.8,2.8,2.8,2.8,2.8,2.8,2.8,2.8,2.8,2.8,2.8,2.8,2.8,2.8,2.43,3.2,3.01,3.18,2.9,2.43,2.68,2.83,0.0,0.0,0.0,1,0,0.36999999999999966,1
2021,MA,USA,English,African American or Black,TR,M,MEN'S TRACK AND FIELD,S18,Fall2018,U4,TRANSFERS,Transfers,210.0,1400.0,,1330.0,660.0,670.0,650.0,3.0,QST,401.0,Biology,QST,506.0,Business Admin & Mgt,3.26,0.0,0.0,3.02,3.02,3.22,3.22,3.26,3.26,3.26,3.26,3.26,3.26,3.26,3.26,3.26,3.26,3.26,3.26,3.26,3.26,3.26,3.26,0.0,0.0,2.91,0.0,3.65,0.0,3.4,0.0,0.0,0.0,0.0,1,1,3.26,1
2023,CA,USA,English,White,MB,M,MEN'S BASKETBALL,S20,Fall2020,U3,FRESHMEN,Freshmen,200.2,1270.0,,,,0.0,0.0,3.3,COM,608.0,Film and Television,CAS,2208.0,Sociology,3.3,3.77,3.61,3.34,3.26,3.25,3.3,3.3,3.3,3.3,3.3,3.3,3.3,3.3,3.3,3.3,3.3,3.3,3.3,3.3,3.3,3.3,3.3,3.77,3.5,2.78,3.0,3.03,3.6,0.0,0.0,0.0,0.0,0.0,1,0,-0.4700000000000002,1
2021,,Iceland,Non-English,Non-Resident Alien,SC,M,MEN'S SOCCER,S17,Fall2017,U4,TRANSFERS,Transfers,,,,,,,,,CAS,2204.0,Economics,CAS,317.0,Interntl Relations,2.98,0.0,2.59,2.48,2.61,2.74,2.88,2.98,2.98,2.98,2.98,2.98,2.98,2.98,2.98,2.98,2.98,2.98,2.98,2.98,2.98,2.98,2.98,0.0,2.93,2.25,3.0,3.43,3.4,3.8,0.0,0.0,0.0,0.0,1,1,2.98,1
2022,,Denmark,Non-English,Non-Resident Alien,MC,M,MEN'S ROWING,S18,Fall2018,U4,FRESHMEN,Freshmen,199.5,1260.0,,,,,,3.3,CAS,2204.0,Economics,CAS,701.0,Computer Science,3.55,3.08,3.24,3.36,3.35,3.39,3.45,3.49,3.55,3.55,3.55,3.55,3.55,3.55,3.55,3.55,3.55,3.55,3.55,3.55,3.55,3.55,3.55,3.08,3.4,3.6,3.33,3.53,3.75,3.75,4.0,0.0,0.0,0.0,1,0,0.46999999999999975,1
2022,NJ,USA,English,White,CC,M,CROSS COUNTRY (MEN),S20,Fall2020,U2,FRESHMEN,Freshmen,204.7,1310.0,,,,,,3.4,CAS,401.0,Biology,SAR,5558.0,Health Science,2.43,2.75,2.1,2.09,2.43,2.43,2.43,2.43,2.43,2.43,2.43,2.43,2.43,2.43,2.43,2.43,2.43,2.43,2.43,2.43,2.43,2.43,2.43,2.75,1.23,2.58,2.91,0.0,0.0,0.0,0.0,0.0,0.0,0.0,1,0,-0.31999999999999984,1
2023,MI,USA,English,White,MT,M,MEN'S TENNIS,S20,Fall2020,U3,FRESHMEN,Freshmen,212.2,1270.0,,,,0.0,0.0,3.8,CAS,401.0,Biology,QST,506.0,Business Admin & Mgt,3.81,3.67,3.71,3.63,3.77,3.77,3.81,3.81,3.81,3.81,3.81,3.81,3.81,3.81,3.81,3.81,3.81,3.81,3.81,3.81,3.81,3.81,3.81,3.67,3.75,4.0,3.83,3.75,4.0,0.0,0.0,0.0,0.0,0.0,1,0,0.14000000000000012,1
2021,,Malaysia,Non-English,Non-Resident Alien,SM,M,MEN'S SWIMMING,S19,Fall2019,U2,FRESHMEN,Freshmen,222.0,1380.0,,,,,,3.9,CAS,1741.0,Stats&ComputerSci,CAS,701.0,Computer Science,3.27,3.43,3.33,3.27,3.27,3.27,3.27,3.27,3.27,3.27,3.27,3.27,3.27,3.27,3.27,3.27,3.27,3.27,3.27,3.27,3.27,3.27,3.27,3.43,3.15,3.2,0.0,0.0,0.0,0.0,0.0,0.0,0.0,0.0,1,0,-0.16000000000000014,1
2023,ME,USA,English,White,LM,M,LACROSSE (MEN),S19,Fall2019,U4,FRESHMEN,Freshmen,213.7,1390.0,,,,0.0,0.0,3.5,COM,614.0,Advertising,CAS,2001.0,Psychology,3.12,2.93,3.16,3.01,2.89,3.09,3.13,3.13,3.12,3.12,3.12,3.12,3.12,3.12,3.12,3.12,3.12,3.12,3.12,3.12,3.12,3.12,3.12,2.93,3.47,2.75,2.43,3.58,3.35,3.67,2.65,0.0,0.0,0.0,1,0,0.18999999999999995,1
2023,MA,USA,English,White,MC,M,MEN'S ROWING,S20,Fall2020,U3,FRESHMEN,Freshmen,220.5,1340.0,,,,0.0,0.0,4.0,CAS,2207.0,Political Science,CAS,2204.0,Economics,3.62,3.75,3.84,3.76,3.61,3.63,3.62,3.62,3.62,3.62,3.62,3.62,3.62,3.62,3.62,3.62,3.62,3.62,3.62,3.62,3.62,3.62,3.62,3.75,3.93,3.6,3.18,3.68,3.6,0.0,0.0,0.0,0.0,0.0,1,0,-0.1299999999999999,1
2023,NJ,USA,English,White,CC,M,CROSS COUNTRY (MEN),S20,Fall2020,U3,FRESHMEN,Freshmen,209.2,1290.0,,,,0.0,0.0,3.6,COM,608.0,Film and Television,COM,614.0,Advertising,3.53,3.53,3.56,3.43,3.54,3.57,3.53,3.53,3.53,3.53,3.53,3.53,3.53,3.53,3.53,3.53,3.53,3.53,3.53,3.53,3.53,3.53,3.53,3.53,3.6,3.18,3.85,3.68,3.4,0.0,0.0,0.0,0.0,0.0,1,0,0.0,1
2023,,Australia,English,Non-Resident Alien,MT,M,MEN'S TENNIS,S21,Fall2021,U2,FRESHMEN,Freshmen,200.2,1310.0,,,,0.0,0.0,3.1,CAS,2204.0,Economics,QST,506.0,Business Admin & Mgt,2.77,2.68,2.44,2.69,2.77,2.77,2.77,2.77,2.77,2.77,2.77,2.77,2.77,2.77,2.77,2.77,2.77,2.77,2.77,2.77,2.77,2.77,2.77,2.68,2.2,3.19,3.0,0.0,0.0,0.0,0.0,0.0,0.0,0.0,1,0,0.08999999999999986,1
2023,MA,USA,English,White,MC,M,MEN'S ROWING,S21,Fall2021,U2,FRESHMEN,Freshmen,200.2,1330.0,,,,0.0,0.0,3.0,CAS,1522.0,Phil & Political Sci,CAS,2207.0,Political Science,3.21,2.98,3.23,3.17,3.21,3.21,3.21,3.21,3.21,3.21,3.21,3.21,3.21,3.21,3.21,3.21,3.21,3.21,3.21,3.21,3.21,3.21,3.21,2.98,3.48,3.05,3.33,0.0,0.0,0.0,0.0,0.0,0.0,0.0,1,0,0.22999999999999998,1
2023,MA,USA,English,White,MC,M,MEN'S ROWING,S21,Fall2021,U2,FRESHMEN,Freshmen,216.7,1350.0,,,,0.0,0.0,3.7,CAS,435.0,Envir Analysis & Pol,CAS,2204.0,Economics,2.94,2.93,3.13,2.92,2.94,2.94,2.94,2.94,2.94,2.94,2.94,2.94,2.94,2.94,2.94,2.94,2.94,2.94,2.94,2.94,2.94,2.94,2.94,2.93,3.33,2.5,3.0,0.0,0.0,0.0,0.0,0.0,0.0,0.0,1,0,0.009999999999999787,1
2023,,China,Non-English,Non-Resident Alien,TR,M,MEN'S TRACK AND FIELD,S18,Fall2018,G1,FRESHMEN,Freshmen,221.2,1490.0,,,,0.0,0.0,3.5,CAS,1902.0,Physics,CAS,1701.0,Mathematics,2.99,3.25,2.9,2.81,2.91,2.91,2.88,2.92,2.99,2.99,2.99,2.99,2.99,2.99,2.99,2.99,2.99,2.99,2.99,2.99,2.99,2.99,2.99,3.25,2.43,2.65,3.18,2.9,2.75,3.08,3.5,0.0,0.0,0.0,1,0,-0.2599999999999998,1
2023,,Canada,English,Non-Resident Alien,CC,M,CROSS COUNTRY (MEN),S20,Fall2020,U3,FRESHMEN,Freshmen,200.2,1210.0,,,,0.0,0.0,3.5,CAS,1704.0,Economics and Math,QST,506.0,Business Admin & Mgt,3.51,3.4,3.56,3.38,3.49,3.51,3.51,3.51,3.51,3.51,3.51,3.51,3.51,3.51,3.51,3.51,3.51,3.51,3.51,3.51,3.51,3.51,3.51,3.4,3.7,3.0,3.85,3.6,3.5,0.0,0.0,0.0,0.0,0.0,1,0,0.10999999999999988,1
2022,NJ,USA,English,White,SM,M,MEN'S SWIMMING,S18,Fall2018,U4,FRESHMEN,Freshmen,207.0,1260.0,,,,,,3.6,CAS,449.0,Neuroscience,SAR,5558.0,Health Science,3.24,3.03,2.96,2.88,2.93,3.06,3.09,3.17,3.24,3.24,3.24,3.24,3.24,3.24,3.24,3.24,3.24,3.24,3.24,3.24,3.24,3.24,3.24,3.03,2.9,2.53,3.43,3.6,3.26,3.77,3.75,0.0,0.0,0.0,1,0,0.2100000000000004,1
2022,NJ,USA,English,White,LM,M,LACROSSE (MEN),J19,Fall2019,U4,TRANSFERS,Transfers,201.0,1360.0,,,,,,3.8,CAS,2204.0,Economics,CAS,317.0,Interntl Relations,3.45,3.28,3.28,3.36,3.36,3.41,3.41,3.45,3.45,3.45,3.45,3.45,3.45,3.45,3.45,3.45,3.45,3.45,3.45,3.45,3.45,3.45,3.45,3.28,0.0,3.68,0.0,3.33,0.0,3.48,0.0,0.0,0.0,0.0,1,1,0.17000000000000037,1
2023,PA,USA,English,African American or Black,TR,M,MEN'S TRACK AND FIELD,S19,Fall2019,U4,FRESHMEN,Freshmen,222.0,1420.0,,,,0.0,0.0,3.7,CAS,441.0,Biochem & Molec Bio,CAS,466.0,"Bio Cell,Molec,Gentc",3.24,3.0,3.23,3.24,3.27,3.28,3.21,3.22,3.24,3.24,3.24,3.24,3.24,3.24,3.24,3.24,3.24,3.24,3.24,3.24,3.24,3.24,3.24,3.0,3.47,3.25,3.35,3.33,2.93,3.23,3.47,0.0,0.0,0.0,1,0,0.2400000000000002,1
2022,IN,USA,English,White,SC,M,MEN'S SOCCER,J18,Fall2018,U4,FRESHMEN,Freshmen,230.2,1470.0,32.0,,,,,4.0,CAS,5558.0,Health Science,COM,601.0,Communication,3.17,2.6,2.6,2.75,2.75,2.96,2.96,3.1,3.1,3.17,3.17,3.17,3.17,3.17,3.17,3.17,3.17,3.17,3.17,3.17,3.17,3.17,3.17,2.6,0.0,3.13,0.0,3.35,0.0,3.43,0.0,0.0,0.0,0.0,1,0,0.5699999999999998,1
2023,MA,USA,English,White,LM,M,LACROSSE (MEN),S19,Fall2019,U4,FRESHMEN,Freshmen,185.2,1050.0,,,,0.0,0.0,3.4,CAS,2204.0,Economics,COM,614.0,Advertising,2.91,2.47,2.62,2.62,2.44,2.5,2.71,2.77,2.91,2.91,2.91,2.91,2.91,2.91,2.91,2.91,2.91,2.91,2.91,2.91,2.91,2.91,2.91,2.47,2.85,2.41,2.43,3.08,3.08,3.33,3.43,0.0,0.0,0.0,1,0,0.43999999999999995,1
2021,MA,USA,English,White,SC,M,MEN'S SOCCER,S19,Fall2019,U2,FRESHMEN,Freshmen,216.0,1420.0,,,,,,3.5,CAS,440.0,Marine Science,ENG,905.0,Biomedical Engnrng,3.08,3.35,3.14,3.09,3.08,3.08,3.08,3.08,3.08,3.08,3.08,3.08,3.08,3.08,3.08,3.08,3.08,3.08,3.08,3.08,3.08,3.08,3.08,3.35,2.94,3.03,3.03,0.0,0.0,0.0,0.0,0.0,0.0,0.0,1,0,-0.27,1
2021,,Canada,English,White,TR,M,MEN'S TRACK AND FIELD,J18,Fall2018,U4,TRANSFERS,Transfers,213.0,1430.0,,,,,,3.7,ENG,910.0,Mechanical Engnrng,CAS,1704.0,Economics and Math,3.73,3.63,3.63,3.67,3.67,3.7,3.7,3.73,3.73,3.73,3.73,3.73,3.73,3.73,3.73,3.73,3.73,3.73,3.73,3.73,3.73,3.73,3.73,3.63,0.0,3.85,0.0,3.81,0.0,3.92,0.0,0.0,0.0,0.0,1,1,0.10000000000000009,1
2022,CT,USA,English,Hispanic/Latino,SM,M,MEN'S SWIMMING,S18,Fall2018,U4,FRESHMEN,Freshmen,220.5,1540.0,34.0,,,,,3.3,QST,506.0,Business Admin & Mgt,ENG,910.0,Mechanical Engnrng,2.93,3.35,3.38,3.29,3.26,3.01,2.94,2.97,2.93,2.93,2.93,2.93,2.93,2.93,2.93,2.93,2.93,2.93,2.93,2.93,2.93,2.93,2.93,3.35,3.4,3.12,3.13,2.14,2.6,3.08,2.6,0.0,0.0,0.0,1,0,-0.41999999999999993,1
2021,OH,USA,English,White,LM,M,LACROSSE (MEN),S17,Fall2017,U4,FRESHMEN,Freshmen,210.0,1300.0,29.0,,,,,3.6,QST,506.0,Business Admin & Mgt,CAS,2204.0,Economics,3.0,3.33,3.14,2.97,2.81,2.78,2.9,3.01,3.0,3.0,3.0,3.0,3.0,3.0,3.0,3.0,3.0,3.0,3.0,3.0,3.0,3.0,3.0,3.33,3.01,2.67,2.33,2.67,3.43,3.54,2.93,0.0,0.0,0.0,1,0,-0.33000000000000007,1
2023,MA,USA,English,White,HC,M,MEN'S ICE HOCKEY,S20,Fall2020,U4,TRANSFERS,Transfers,195.0,,,,,0.0,0.0,2.2,CAS,2208.0,Sociology,COM,691.0,Public Relations,3.0,3.68,3.43,3.26,3.12,3.16,3.0,3.0,3.0,3.0,3.0,3.0,3.0,3.0,3.0,3.0,3.0,3.0,3.0,3.0,3.0,3.0,3.0,3.68,3.1,2.87,2.67,3.0,1.5,0.0,0.0,0.0,0.0,0.0,1,1,-0.6800000000000002,1
2023,NY,USA,English,White,SM,M,MEN'S SWIMMING,S20,Fall2020,U3,FRESHMEN,Freshmen,214.5,1360.0,,,,0.0,0.0,3.6,QST,506.0,Business Admin & Mgt,SAR,5521.0,Health Studies,3.8,3.75,3.65,3.66,3.71,3.74,3.8,3.8,3.8,3.8,3.8,3.8,3.8,3.8,3.8,3.8,3.8,3.8,3.8,3.8,3.8,3.8,3.8,3.75,3.56,3.68,3.87,4.0,3.86,0.0,0.0,0.0,0.0,0.0,1,0,0.04999999999999982,1
2023,CT,USA,English,White,LM,M,LACROSSE (MEN),S21,Fall2021,U3,TRANSFERS,Transfers,210.0,,,,,0.0,0.0,3.6,CAS,701.0,Computer Science,CAS,317.0,Interntl Relations,2.95,3.71,3.26,3.02,2.95,2.95,2.95,2.95,2.95,2.95,2.95,2.95,2.95,2.95,2.95,2.95,2.95,2.95,2.95,2.95,2.95,2.95,2.95,3.71,2.75,2.0,3.25,0.0,0.0,0.0,0.0,0.0,0.0,0.0,1,1,-0.7599999999999998,1
2023,,Belgium,Non-English,White,MC,M,MEN'S ROWING,S21,Fall2021,U3,TRANSFERS,Transfers,237.0,,,,,0.0,0.0,3.5,QST,506.0,Business Admin & Mgt,ENG,909.0,Electrical Engnrng,3.18,2.83,3.04,3.1,3.18,3.18,3.18,3.18,3.18,3.18,3.18,3.18,3.18,3.18,3.18,3.18,3.18,3.18,3.18,3.18,3.18,3.18,3.18,2.83,3.26,3.43,3.12,0.0,0.0,0.0,0.0,0.0,0.0,0.0,1,1,0.3500000000000001,1
2022,,Germany,Non-English,Non-Resident Alien,MC,M,MEN'S ROWING,J21,Fall2021,U2,FRESHMEN,Freshmen,198.0,1080.0,,,,,,3.8,QST,2204.0,Economics,QST,506.0,Business Admin & Mgt,2.89,0.0,3.43,3.25,2.89,2.89,2.89,2.89,2.89,2.89,2.89,2.89,2.89,2.89,2.89,2.89,2.89,2.89,2.89,2.89,2.89,2.89,2.89,0.0,3.43,3.08,2.18,0.0,0.0,0.0,0.0,0.0,0.0,0.0,1,0,2.89,1
2022,LA,USA,English,White,TR,M,MEN'S TRACK AND FIELD,S18,Fall2018,U4,FRESHMEN,Freshmen,226.5,1460.0,,,,,,3.8,QST,506.0,Business Admin & Mgt,ENG,910.0,Mechanical Engnrng,3.74,3.33,3.71,3.69,3.78,3.79,3.8,3.75,3.74,3.74,3.74,3.74,3.74,3.74,3.74,3.74,3.74,3.74,3.74,3.74,3.74,3.74,3.74,3.33,4.0,3.66,4.0,3.84,3.85,3.4,3.68,0.0,0.0,0.0,1,0,0.41000000000000014,1
2022,NJ,USA,English,Hispanic/Latino,TR,M,MEN'S TRACK AND FIELD,S17,Fall2017,G1,FRESHMEN,Freshmen,192.7,1170.0,,1170.0,,,,3.3,CAS,401.0,Biology,CAS,447.0,"Bio, Ecology & Consv",2.82,2.33,2.45,2.47,2.54,2.55,2.74,2.8,2.82,2.82,2.82,2.82,2.82,2.82,2.82,2.82,2.82,2.82,2.82,2.82,2.82,2.82,2.82,2.33,2.58,2.5,2.75,3.18,3.13,3.18,3.15,0.0,0.0,0.0,1,0,0.48999999999999977,1
2022,,Germany,Non-English,Non-Resident Alien,SC,M,MEN'S SOCCER,S19,Fall2019,U4,TRANSFERS,Transfers,204.0,,,,,,,2.4,CAS,2204.0,Economics,QST,506.0,Business Admin & Mgt,3.01,3.18,3.26,3.36,3.1,3.06,3.01,3.01,3.01,3.01,3.01,3.01,3.01,3.01,3.01,3.01,3.01,3.01,3.01,3.01,3.01,3.01,3.01,3.18,3.4,2.85,2.95,2.94,2.73,0.0,0.0,0.0,0.0,0.0,1,1,-0.17000000000000037,1
2023,,Austrailia,English,Non-Resident Alien,MC,M,MEN'S ROWING,S18,Fall2018,U4,FRESHMEN,Freshmen,198.0,1300.0,,,,0.0,0.0,3.0,CAS,2204.0,Economics,QST,506.0,Business Admin & Mgt,2.85,2.53,2.75,2.82,2.89,2.93,2.93,2.88,2.9,2.89,2.85,2.85,2.85,2.85,2.85,2.85,2.85,2.85,2.85,2.85,2.85,2.85,2.85,2.53,2.98,2.93,3.2,2.77,0.0,2.78,3.03,2.5,2.9,0.0,1,0,0.3200000000000003,1
2023,FL,USA,English,White,SM,M,MEN'S SWIMMING,S20,Fall2020,U3,FRESHMEN,Freshmen,222.0,1380.0,,,,0.0,0.0,3.9,QST,506.0,Business Admin & Mgt,COM,614.0,Advertising,3.29,2.83,3.09,3.19,3.1,3.16,3.29,3.29,3.29,3.29,3.29,3.29,3.29,3.29,3.29,3.29,3.29,3.29,3.29,3.29,3.29,3.29,3.29,2.83,3.35,3.4,2.83,3.43,3.87,0.0,0.0,0.0,0.0,0.0,1,0,0.45999999999999996,1
2021,PA,USA,English,White,LM,M,LACROSSE (MEN),S18,Fall2018,U3,FRESHMEN,Freshmen,227.2,1430.0,31.0,,,,,4.0,CAS,638.0,Hospitality and Comm,COM,608.0,Film and Television,3.55,3.4,3.34,3.44,3.37,3.46,3.55,3.55,3.55,3.55,3.55,3.55,3.55,3.55,3.55,3.55,3.55,3.55,3.55,3.55,3.55,3.55,3.55,3.4,3.28,2.8,3.85,3.85,4.0,0.0,0.0,0.0,0.0,0.0,1,0,0.1499999999999999,1
2023,IL,USA,English,White,TR,M,MEN'S TRACK AND FIELD,S21,Fall2021,U2,FRESHMEN,Freshmen,199.5,1280.0,27.0,,,0.0,0.0,3.2,CAS,208.0,Architectural Studs,QST,506.0,Business Admin & Mgt,3.12,3.15,2.86,3.13,3.12,3.12,3.12,3.12,3.12,3.12,3.12,3.12,3.12,3.12,3.12,3.12,3.12,3.12,3.12,3.12,3.12,3.12,3.12,3.15,2.58,3.66,3.08,0.0,0.0,0.0,0.0,0.0,0.0,0.0,1,0,-0.029999999999999805,1
2023,IL,USA,English,White,SM,M,MEN'S SWIMMING,S21,Fall2021,U2,FRESHMEN,Freshmen,237.7,1570.0,34.0,,,0.0,0.0,4.0,CAS,2204.0,Economics,CDS,1745.0,Data Science,4.0,4.0,4.0,4.0,4.0,4.0,4.0,4.0,4.0,4.0,4.0,4.0,4.0,4.0,4.0,4.0,4.0,4.0,4.0,4.0,4.0,4.0,4.0,4.0,4.0,4.0,4.0,0.0,0.0,0.0,0.0,0.0,0.0,0.0,1,0,0.0,1
2023,,Australia,English,Non-Resident Alien,MC,M,MEN'S ROWING,S20,Fall2020,U3,FRESHMEN,Freshmen,204.7,1350.0,,,,0.0,0.0,3.2,CAS,2202.0,Anthropology,CAS,2291.0,Anthro-SpecBioAnthro,2.81,2.58,2.7,2.75,2.73,2.77,2.81,2.81,2.81,2.81,2.81,2.81,2.81,2.81,2.81,2.81,2.81,2.81,2.81,2.81,2.81,2.81,2.81,2.58,2.83,2.9,2.65,2.93,3.0,0.0,0.0,0.0,0.0,0.0,1,0,0.22999999999999998,1
2021,CA,USA,English,Asian,TR,M,MEN'S TRACK AND FIELD,J19,Fall2019,U4,TRANSFERS,Transfers,204.0,,,,,,,3.3,CAS,2204.0,Economics,QST,506.0,Business Admin & Mgt,3.71,3.81,3.81,3.69,3.69,3.71,3.71,3.71,3.71,3.71,3.71,3.71,3.71,3.71,3.71,3.71,3.71,3.71,3.71,3.71,3.71,3.71,3.71,3.81,0.0,3.8,0.0,3.82,0.0,0.0,0.0,0.0,0.0,0.0,1,1,-0.10000000000000009,1
2022,MA,USA,English,White,HC,M,MEN'S ICE HOCKEY,S21,Fall2021,G2,Graduate Students,,,,,,,,,,MET,541.0,Administrative Std,MET,507.0,Project Management,3.1,3.33,3.33,3.1,3.1,3.1,3.1,3.1,3.1,3.1,3.1,3.1,3.1,3.1,3.1,3.1,3.1,3.1,3.1,3.1,3.1,3.1,3.1,3.33,3.34,3.1,0.0,0.0,0.0,0.0,0.0,0.0,0.0,0.0,1,0,-0.22999999999999998,1
2023,CA,USA,English,African American or Black,SM,M,MEN'S SWIMMING,S20,Fall2020,U3,FRESHMEN,Freshmen,232.5,1500.0,,,,0.0,0.0,4.0,CAS,401.0,Biology,SAR,1237.0,Human Physiology,3.76,3.5,3.66,3.64,3.68,3.74,3.76,3.76,3.76,3.76,3.76,3.76,3.76,3.76,3.76,3.76,3.76,3.76,3.76,3.76,3.76,3.76,3.76,3.5,3.83,3.6,3.78,4.0,3.85,0.0,0.0,0.0,0.0,0.0,1,0,0.2599999999999998,1
2021,NY,USA,English,Hispanic/Latino,MT,M,MEN'S TENNIS,S17,Fall2017,U4,FRESHMEN,Freshmen,213.0,1300.0,,1300.0,,,,3.7,ENG,910.0,Mechanical Engnrng,ENG,909.0,Electrical Engnrng,2.77,2.08,2.54,2.61,2.54,2.57,2.63,2.65,2.77,2.77,2.77,2.77,2.77,2.77,2.77,2.77,2.77,2.77,2.77,2.77,2.77,2.77,2.77,2.08,3.0,2.75,2.35,2.68,3.0,3.15,3.13,0.0,0.0,0.0,1,0,0.69,1
2021,MA,USA,English,Two or More Races Reported,TR,M,MEN'S TRACK AND FIELD,S17,Fall2017,U4,FRESHMEN,Freshmen,204.7,1270.0,,1270.0,,,,3.5,ENG,910.0,Mechanical Engnrng,ENG,909.0,Electrical Engnrng,3.41,3.68,3.76,3.81,3.69,3.7,3.67,3.44,3.41,3.41,3.41,3.41,3.41,3.41,3.41,3.41,3.41,3.41,3.41,3.41,3.41,3.41,3.41,3.68,3.85,3.62,3.48,3.52,0.0,1.57,3.18,0.0,0.0,0.0,1,0,-0.27,1
2023,,Brazil,Non-English,Non-Resident Alien,SC,M,MEN'S SOCCER,S20,Fall2020,U3,FRESHMEN,Freshmen,221.2,1350.0,,,,0.0,0.0,4.0,CAS,317.0,Interntl Relations,QST,506.0,Business Admin & Mgt,3.23,3.4,2.81,3.04,3.09,3.14,3.23,3.23,3.23,3.23,3.23,3.23,3.23,3.23,3.23,3.23,3.23,3.23,3.23,3.23,3.23,3.23,3.23,3.4,2.28,3.53,3.25,3.35,3.68,0.0,0.0,0.0,0.0,0.0,1,0,-0.16999999999999993,1
2023,MN,USA,English,White,SC,M,MEN'S SOCCER,S21,Fall2021,U2,FRESHMEN,Freshmen,216.7,1310.0,,,,0.0,0.0,3.9,CAS,2204.0,Economics,QST,506.0,Business Admin & Mgt,3.26,3.68,3.52,3.4,3.26,3.26,3.26,3.26,3.26,3.26,3.26,3.26,3.26,3.26,3.26,3.26,3.26,3.26,3.26,3.26,3.26,3.26,3.26,3.68,3.38,3.15,2.83,0.0,0.0,0.0,0.0,0.0,0.0,0.0,1,0,-0.4200000000000004,1
2023,MD,USA,English,White,LM,M,LACROSSE (MEN),S19,Fall2019,U4,FRESHMEN,Freshmen,188.2,1170.0,,,,0.0,0.0,3.0,CAS,2204.0,Economics,COM,614.0,Advertising,2.84,1.85,2.28,2.33,2.7,2.78,2.77,2.84,2.84,2.84,2.84,2.84,2.84,2.84,2.84,2.84,2.84,2.84,2.84,2.84,2.84,2.84,2.84,1.85,2.96,3.1,3.1,2.75,2.75,3.52,0.0,0.0,0.0,0.0,1,0,0.9899999999999998,1
2023,,Austria,Non-English,No Information,MC,M,MEN'S ROWING,S19,Fall2019,U4,FRESHMEN,Freshmen,194.2,1250.0,,,,0.0,0.0,3.0,CAS,1704.0,Economics and Math,CAS,2204.0,Economics,2.97,2.25,2.71,2.6,2.84,2.93,2.91,2.92,2.97,2.97,2.97,2.97,2.97,2.97,2.97,2.97,2.97,2.97,2.97,2.97,2.97,2.97,2.97,2.25,3.33,2.33,3.43,3.25,2.83,3.0,3.28,0.0,0.0,0.0,1,0,0.7200000000000002,1
2022,CT,USA,English,White,LM,M,LACROSSE (MEN),S20,Fall2020,U2,FRESHMEN,Freshmen,206.2,1290.0,,,,,,3.5,CAS,2204.0,Economics,QST,506.0,Business Admin & Mgt,2.84,3.25,3.14,3.07,2.84,2.84,2.84,2.84,2.84,2.84,2.84,2.84,2.84,2.84,2.84,2.84,2.84,2.84,2.84,2.84,2.84,2.84,2.84,3.25,3.0,1.75,3.5,0.0,0.0,0.0,0.0,0.0,0.0,0.0,1,0,-0.41000000000000014,1
2023,CA,USA,English,Hispanic/Latino,SC,M,MEN'S SOCCER,S21,Fall2021,U2,FRESHMEN,Freshmen,,,,,,0.0,0.0,3.7,CAS,1925.0,Chemistry: Biochem,SAR,5558.0,Health Science,2.73,2.77,2.56,2.6,2.73,2.73,2.73,2.73,2.73,2.73,2.73,2.73,2.73,2.73,2.73,2.73,2.73,2.73,2.73,2.73,2.73,2.73,2.73,2.77,2.4,2.68,3.08,0.0,0.0,0.0,0.0,0.0,0.0,0.0,1,0,-0.040000000000000036,1
2023,NY,USA,English,White,HC,M,MEN'S ICE HOCKEY,S20,Fall2020,U3,FRESHMEN,Freshmen,183.7,1050.0,,,,0.0,0.0,3.3,CAS,608.0,Film and Television,COM,602.0,Journalism,3.15,3.48,3.24,3.21,3.11,3.19,3.15,3.15,3.15,3.15,3.15,3.15,3.15,3.15,3.15,3.15,3.15,3.15,3.15,3.15,3.15,3.15,3.15,3.48,3.0,2.9,3.1,3.5,2.93,0.0,0.0,0.0,0.0,0.0,1,0,-0.33000000000000007,1
2023,CA,USA,English,White,MC,M,MEN'S ROWING,J22,Fall2022,U3,TRANSFERS,Transfers,198.0,,,,,0.0,0.0,2.9,CAS,2204.0,Economics,QST,506.0,Business Admin & Mgt,2.84,2.43,2.43,2.84,2.84,2.84,2.84,2.84,2.84,2.84,2.84,2.84,2.84,2.84,2.84,2.84,2.84,2.84,2.84,2.84,2.84,2.84,2.84,2.43,0.0,2.9,0.0,0.0,0.0,0.0,0.0,0.0,0.0,0.0,1,1,0.4099999999999997,1
2022,MA,USA,English,White,MC,M,MEN'S ROWING,S20,Fall2020,U2,FRESHMEN,Freshmen,208.5,1400.0,31.0,,,,,3.2,CAS,449.0,Neuroscience,CAS,2001.0,Psychology,1.84,2.25,2.06,2.21,1.84,1.84,1.84,1.84,1.84,1.84,1.84,1.84,1.84,1.84,1.84,1.84,1.84,1.84,1.84,1.84,1.84,1.84,1.84,2.25,1.8,2.1,0.75,0.0,0.0,0.0,0.0,0.0,0.0,0.0,1,0,-0.4099999999999999,1
2023,,Canada,English,Non-Resident Alien,HC,M,MEN'S ICE HOCKEY,S20,Fall2020,U3,FRESHMEN,Freshmen,178.5,980.0,,,,0.0,0.0,3.3,CAS,691.0,Public Relations,COM,614.0,Advertising,2.85,3.18,3.04,2.95,2.86,2.88,2.85,2.85,2.85,2.85,2.85,2.85,2.85,2.85,2.85,2.85,2.85,2.85,2.85,2.85,2.85,2.85,2.85,3.18,2.9,2.68,2.47,3.1,3.15,0.0,0.0,0.0,0.0,0.0,1,0,-0.33000000000000007,1
2023,,Netherlands,Non-English,Non-Resident Alien,MC,M,MEN'S ROWING,S22,Fall2022,U1,FRESHMEN,Freshmen,,,,,,0.0,0.0,3.5,CAS,2204.0,Economics,CAS,2207.0,Political Science,2.61,2.33,2.61,2.61,2.61,2.61,2.61,2.61,2.61,2.61,2.61,2.61,2.61,2.61,2.61,2.61,2.61,2.61,2.61,2.61,2.61,2.61,2.61,2.33,3.0,0.0,0.0,0.0,0.0,0.0,0.0,0.0,0.0,0.0,1,0,0.2799999999999998,1
2023,,Italy,Non-English,Non-Resident Alien,MC,M,MEN'S ROWING,J23,Sprg2023,U1,FRESHMEN,Freshmen,,,,,,,,3.3,ENG,,,ENG,,,3.35,3.35,3.35,3.35,3.35,3.35,3.35,3.35,3.35,3.35,3.35,3.35,3.35,3.35,3.35,3.35,3.35,3.35,3.35,3.35,3.35,3.35,3.35,3.35,0.0,0.0,0.0,0.0,0.0,0.0,0.0,0.0,0.0,0.0,1,0,0.0,1
2023,,England,English,Non-Resident Alien,SC,M,MEN'S SOCCER,J23,Sprg2023,U2,TRANSFERS,Transfers,,,,,,,,3.9,CAS,,,CAS,,,3.75,3.75,3.75,3.75,3.75,3.75,3.75,3.75,3.75,3.75,3.75,3.75,3.75,3.75,3.75,3.75,3.75,3.75,3.75,3.75,3.75,3.75,3.75,3.75,0.0,0.0,0.0,0.0,0.0,0.0,0.0,0.0,0.0,0.0,1,1,0.0,1
2023,,Italy,Non-English,Non-Resident Alien,MC,M,MEN'S ROWING,S22,Fall2022,G1,FRESHMEN,Freshmen,,,,,,,,,QST,,,QST,,,3.06,,3.06,3.06,3.06,3.06,3.06,3.06,3.06,3.06,3.06,3.06,3.06,3.06,3.06,3.06,3.06,3.06,3.06,3.06,3.06,3.06,3.06,,0.0,0.0,0.0,0.0,0.0,0.0,0.0,0.0,0.0,0.0,1,0,,1
2023,WA,USA,English,White,LM,M,LACROSSE (MEN),S18,Fall2018,U4,FRESHMEN,Freshmen,220.5,1400.0,30.0,,,0.0,0.0,3.7,ENG,930.0,Computer Engineering,ENG,910.0,Mechanical Engnrng,2.71,2.33,2.62,2.67,2.68,2.63,2.42,2.49,2.66,2.68,2.71,2.71,2.71,2.71,2.71,2.71,2.71,2.71,2.71,2.71,2.71,2.71,2.71,2.33,2.99,2.75,3.0,2.57,1.63,2.04,3.91,2.78,3.7,0.0,1,0,0.3799999999999999,1
2023,FL,USA,English,White,SC,M,MEN'S SOCCER,J23,Sprg2023,U1,FRESHMEN,Freshmen,,,,,,,,3.8,CAS,,,CAS,,,4.0,4.0,4.0,4.0,4.0,4.0,4.0,4.0,4.0,4.0,4.0,4.0,4.0,4.0,4.0,4.0,4.0,4.0,4.0,4.0,4.0,4.0,4.0,4.0,0.0,0.0,0.0,0.0,0.0,0.0,0.0,0.0,0.0,0.0,1,0,0.0,1
2023,NY,USA,English,White,LM,M,LACROSSE (MEN),S22,Fall2022,U3,TRANSFERS,Transfers,207.0,,,,,0.0,0.0,2.8,CAS,2204.0,Economics,CAS,11.0,Approved Deferral,1.91,1.68,1.91,1.91,1.91,1.91,1.91,1.91,1.91,1.91,1.91,1.91,1.91,1.91,1.91,1.91,1.91,1.91,1.91,1.91,1.91,1.91,1.91,1.68,2.23,0.0,0.0,0.0,0.0,0.0,0.0,0.0,0.0,0.0,1,1,0.22999999999999998,1
2023,WA,USA,English,White,SM,M,MEN'S SWIMMING,S22,Fall2022,U1,FRESHMEN,Freshmen,231.0,1480.0,33.0,,,0.0,0.0,4.0,CAS,701.0,Computer Science,CAS,1721.0,Math-Computer Scienc,3.54,3.33,3.54,3.54,3.54,3.54,3.54,3.54,3.54,3.54,3.54,3.54,3.54,3.54,3.54,3.54,3.54,3.54,3.54,3.54,3.54,3.54,3.54,3.33,3.75,0.0,0.0,0.0,0.0,0.0,0.0,0.0,0.0,0.0,1,0,0.20999999999999996,1
2023,NC,USA,English,Asian,SM,M,MEN'S SWIMMING,J23,Sprg2023,U3,TRANSFERS,Transfers,,,,,,,,,CAS,,,CAS,,,3.93,3.93,3.93,3.93,3.93,3.93,3.93,3.93,3.93,3.93,3.93,3.93,3.93,3.93,3.93,3.93,3.93,3.93,3.93,3.93,3.93,3.93,3.93,3.93,0.0,0.0,0.0,0.0,0.0,0.0,0.0,0.0,0.0,0.0,1,1,0.0,1
2023,NY,USA,English,White,LW,W,LACROSSE (WOMEN),S20,Fall2020,U3,FRESHMEN,Freshmen,210.7,1210.0,,,,0.0,0.0,4.0,CAS,401.0,Biology,SAR,5558.0,Health Science,3.64,3.68,3.69,3.73,3.64,3.66,3.64,3.64,3.64,3.64,3.64,3.64,3.64,3.64,3.64,3.64,3.64,3.64,3.64,3.64,3.64,3.64,3.64,3.68,3.71,3.68,3.33,3.58,3.6,0.0,0.0,0.0,0.0,0.0,1,0,-0.040000000000000036,1
2021,CA,USA,English,Two or More Races Reported,SG,W,WOMEN'S SWIMMING,S17,Fall2017,U4,FRESHMEN,Freshmen,223.5,1380.0,31.0,1300.0,,,,4.0,CAS,466.0,"Bio Cell,Molec,Gentc",CAS,2001.0,Psychology,3.51,3.18,3.13,3.15,3.36,3.47,3.52,3.51,3.51,3.51,3.51,3.51,3.51,3.51,3.51,3.51,3.51,3.51,3.51,3.51,3.51,3.51,3.51,3.18,3.08,3.23,3.93,3.8,3.74,3.57,0.0,0.0,0.0,0.0,1,0,0.3299999999999996,1
2023,NY,USA,English,Two or More Races Reported,WS,W,WOMEN'S SOCCER,S19,Fall2019,U4,TRANSFERS,Transfers,219.0,,,,,0.0,0.0,3.45,CAS,2207.0,Political Science,QST,506.0,Business Admin & Mgt,2.86,2.83,3.14,2.97,2.65,2.67,2.8,2.86,2.86,2.86,2.86,2.86,2.86,2.86,2.86,2.86,2.86,2.86,2.86,2.86,2.86,2.86,2.86,2.83,3.57,2.68,1.93,3.08,3.08,3.7,0.0,0.0,0.0,0.0,1,1,0.029999999999999805,1
2023,,Canada,English,Non-Resident Alien,WH,W,WOMEN'S HOCKEY,S18,Fall2018,U4,FRESHMEN,Freshmen,204.0,1120.0,,,,0.0,0.0,4.0,CAS,401.0,Biology,CAS,466.0,"Bio Cell,Molec,Gentc",3.2,2.67,2.67,2.68,2.79,2.85,3.04,3.05,3.12,3.19,3.2,3.2,3.2,3.2,3.2,3.2,3.2,3.2,3.2,3.2,3.2,3.2,3.2,2.67,2.68,2.6,3.37,3.32,3.4,3.4,3.39,3.85,3.5,0.0,1,0,0.5300000000000002,1
2021,IL,USA,English,White,TW,W,WOMEN'S TENNIS,S19,Fall2019,U4,TRANSFERS,Transfers,225.0,,,,,,,3.54,CAS,1509.0,Philosophy,SAR,5558.0,Health Science,3.88,3.65,3.83,3.89,3.88,3.88,3.88,3.88,3.88,3.88,3.88,3.88,3.88,3.88,3.88,3.88,3.88,3.88,3.88,3.88,3.88,3.88,3.88,3.65,4.0,4.0,3.85,0.0,0.0,0.0,0.0,0.0,0.0,0.0,1,1,0.22999999999999998,1
2022,IN,USA,English,White,WC,W,WOMEN'S ROWING,S21,Fall2021,U1,FRESHMEN,Freshmen,,,,,,,,3.6,CAS,2207.0,Political Science,SHA,518.0,Hospitality Admin,3.19,2.97,3.19,3.19,3.19,3.19,3.19,3.19,3.19,3.19,3.19,3.19,3.19,3.19,3.19,3.19,3.19,3.19,3.19,3.19,3.19,3.19,3.19,2.97,3.35,0.0,0.0,0.0,0.0,0.0,0.0,0.0,0.0,0.0,1,0,0.21999999999999975,1
2023,MA,USA,English,White,WT,W,WOMEN'S TRACK AND FIELD,S19,Fall2019,U4,FRESHMEN,Freshmen,213.7,1250.0,,,,0.0,0.0,4.0,CAS,622.0,Cinema&Media Studies,CAS,1501.0,English,3.66,3.75,3.71,3.63,3.59,3.59,3.61,3.62,3.66,3.66,3.66,3.66,3.66,3.66,3.66,3.66,3.66,3.66,3.66,3.66,3.66,3.66,3.66,3.75,3.67,3.48,3.5,3.6,3.68,4.0,3.58,0.0,0.0,0.0,1,0,-0.08999999999999986,1
2023,NY,USA,English,White,LW,W,LACROSSE (WOMEN),S19,Fall2019,U4,FRESHMEN,Freshmen,213.7,1250.0,26.0,,,0.0,0.0,4.0,CAS,472.0,Bio w/spec Beh Bio,SAR,5561.0,Behavior and Health,3.69,3.33,3.43,3.49,3.55,3.59,3.61,3.66,3.69,3.69,3.69,3.69,3.69,3.69,3.69,3.69,3.69,3.69,3.69,3.69,3.69,3.69,3.69,3.33,3.57,3.6,3.71,3.75,3.68,4.0,4.0,0.0,0.0,0.0,1,0,0.3599999999999999,1
2023,VA,USA,English,White,WS,W,WOMEN'S SOCCER,S19,Fall2019,U4,FRESHMEN,Freshmen,218.2,1310.0,,,,0.0,0.0,4.0,CAS,401.0,Biology,SAR,5558.0,Health Science,3.61,3.25,3.41,3.45,3.45,3.56,3.56,3.56,3.61,3.61,3.61,3.61,3.61,3.61,3.61,3.61,3.61,3.61,3.61,3.61,3.61,3.61,3.61,3.25,3.58,3.5,3.43,4.0,3.57,3.58,3.93,0.0,0.0,0.0,1,0,0.3599999999999999,1
2023,MN,USA,English,White,WH,W,WOMEN'S HOCKEY,S19,Fall2019,U4,FRESHMEN,Freshmen,206.2,1210.0,25.0,,,0.0,0.0,3.7,CAS,5558.0,Health Science,SAR,5561.0,Behavior and Health,3.18,2.93,3.14,3.13,3.11,3.14,3.14,3.12,3.18,3.18,3.18,3.18,3.18,3.18,3.18,3.18,3.18,3.18,3.18,3.18,3.18,3.18,3.18,2.93,3.43,3.08,3.1,2.83,3.43,3.33,3.5,0.0,0.0,0.0,1,0,0.25,1
2023,IL,USA,English,Two or More Races Reported,SG,W,WOMEN'S SWIMMING,S21,Fall2021,U2,FRESHMEN,Freshmen,213.7,1250.0,,,,0.0,0.0,4.0,COM,635.0,Media Science,COM,614.0,Advertising,3.46,2.75,3.18,3.33,3.46,3.46,3.46,3.46,3.46,3.46,3.46,3.46,3.46,3.46,3.46,3.46,3.46,3.46,3.46,3.46,3.46,3.46,3.46,2.75,3.6,3.65,3.83,0.0,0.0,0.0,0.0,0.0,0.0,0.0,1,0,0.71,1
2023,,England,English,Non-Resident Alien,WC,W,WOMEN'S ROWING,S21,Fall2021,U2,FRESHMEN,Freshmen,,,,,,0.0,0.0,3.6,CAS,440.0,Marine Science,CAS,1905.0,Chemistry,2.86,2.98,3.09,3.0,2.86,2.86,2.86,2.86,2.86,2.86,2.86,2.86,2.86,2.86,2.86,2.86,2.86,2.86,2.86,2.86,2.86,2.86,2.86,2.98,3.23,2.85,2.33,0.0,0.0,0.0,0.0,0.0,0.0,0.0,1,0,-0.1200000000000001,1
2023,GA,USA,English,White,WC,W,WOMEN'S ROWING,S21,Fall2021,U2,FRESHMEN,Freshmen,,,,,,0.0,0.0,3.9,CAS,401.0,Biology,SAR,5561.0,Behavior and Health,2.86,2.0,2.74,2.81,2.86,2.86,2.86,2.86,2.86,2.86,2.86,2.86,2.86,2.86,2.86,2.86,2.86,2.86,2.86,2.86,2.86,2.86,2.86,2.0,3.3,2.93,3.0,0.0,0.0,0.0,0.0,0.0,0.0,0.0,1,0,0.8599999999999999,1
2021,CT,USA,English,White,WC,W,WOMEN'S ROWING,S19,Fall2019,U2,FRESHMEN,Freshmen,230.2,1510.0,34.0,,,,,3.8,ENG,905.0,Biomedical Engnrng,ENG,910.0,Mechanical Engnrng,3.44,3.23,3.37,3.59,3.44,3.44,3.44,3.44,3.44,3.44,3.44,3.44,3.44,3.44,3.44,3.44,3.44,3.44,3.44,3.44,3.44,3.44,3.44,3.23,3.55,3.93,3.04,0.0,0.0,0.0,0.0,0.0,0.0,0.0,1,0,0.20999999999999996,1
2022,TX,USA,English,White,SG,W,WOMEN'S SWIMMING,S18,Fall2018,U4,FRESHMEN,Freshmen,234.0,1520.0,,,,,,4.0,ENG,905.0,Biomedical Engnrng,ENG,910.0,Mechanical Engnrng,3.63,3.93,3.84,3.62,3.68,3.62,3.64,3.65,3.63,3.63,3.63,3.63,3.63,3.63,3.63,3.63,3.63,3.63,3.63,3.63,3.63,3.63,3.63,3.93,3.75,3.21,3.87,3.4,3.75,3.68,3.47,0.0,0.0,0.0,1,0,-0.30000000000000027,1
2023,,Peru,Non-English,Non-Resident Alien,WC,W,WOMEN'S ROWING,S19,Fall2019,U4,FRESHMEN,Freshmen,187.5,1080.0,,,,0.0,0.0,3.4,CAS,614.0,Advertising,COM,602.0,Journalism,3.01,2.13,2.74,2.71,2.85,2.87,2.83,2.97,3.01,3.01,3.01,3.01,3.01,3.01,3.01,3.01,3.01,3.01,3.01,3.01,3.01,3.01,3.01,2.13,3.65,2.68,3.21,2.93,2.65,3.68,3.25,0.0,0.0,0.0,1,0,0.8799999999999999,1
2023,NY,USA,English,White,CW,W,CROSS COUNTRY (WOMEN),S18,Fall2018,G1,FRESHMEN,Freshmen,230.2,1470.0,,,,0.0,0.0,4.0,CAS,449.0,Neuroscience,CAS,701.0,Computer Science,3.3,2.98,3.09,3.17,3.23,3.16,3.21,3.27,3.3,3.3,3.3,3.3,3.3,3.3,3.3,3.3,3.3,3.3,3.3,3.3,3.3,3.3,3.3,2.98,3.23,3.33,3.43,2.93,3.43,3.6,3.5,0.0,0.0,0.0,1,0,0.31999999999999984,1
2023,,China,Non-English,Non-Resident Alien,WG,W,WOMEN'S GOLF,S21,Fall2021,U3,FRESHMEN,Freshmen,,,,,,0.0,0.0,4.0,QST,506.0,Business Admin & Mgt,CAS,1704.0,Economics and Math,3.89,3.67,3.81,3.88,3.89,3.89,3.89,3.89,3.89,3.89,3.89,3.89,3.89,3.89,3.89,3.89,3.89,3.89,3.89,3.89,3.89,3.89,3.89,3.67,3.93,4.0,3.93,0.0,0.0,0.0,0.0,0.0,0.0,0.0,1,0,0.2200000000000002,1
2022,CA,USA,English,White,WS,W,WOMEN'S SOCCER,S18,Fall2018,U4,FRESHMEN,Freshmen,216.7,1290.0,27.0,,,,,4.0,COM,601.0,Communication,COM,614.0,Advertising,3.6,3.18,3.16,3.39,3.5,3.5,3.58,3.59,3.6,3.6,3.6,3.6,3.6,3.6,3.6,3.6,3.6,3.6,3.6,3.6,3.6,3.6,3.6,3.18,3.15,3.85,3.83,0.0,3.82,3.68,3.67,0.0,0.0,0.0,1,0,0.41999999999999993,1
2023,RI,USA,English,White,LR,W,WOMENS LIGHTWEIGHT ROWING,S20,Fall2020,U3,FRESHMEN,Freshmen,227.2,1430.0,32.0,,,0.0,0.0,4.0,CAS,449.0,Neuroscience,SAR,5558.0,Health Science,3.78,3.93,3.96,3.8,3.81,3.77,3.78,3.78,3.78,3.78,3.78,3.78,3.78,3.78,3.78,3.78,3.78,3.78,3.78,3.78,3.78,3.78,3.78,3.93,4.0,3.48,3.85,3.6,3.84,0.0,0.0,0.0,0.0,0.0,1,0,-0.15000000000000036,1
2023,NJ,USA,English,White,WH,W,WOMEN'S HOCKEY,S21,Fall2021,U4,TRANSFERS,Transfers,213.0,,,,,0.0,0.0,3.4,CAS,2204.0,Economics,CAS,317.0,Interntl Relations,3.28,3.03,3.28,3.32,3.28,3.28,3.28,3.28,3.28,3.28,3.28,3.28,3.28,3.28,3.28,3.28,3.28,3.28,3.28,3.28,3.28,3.28,3.28,3.03,3.48,3.43,3.1,0.0,0.0,0.0,0.0,0.0,0.0,0.0,1,1,0.25,1
2023,,Canada,English,Non-Resident Alien,TW,W,WOMEN'S TENNIS,S19,Fall2019,U4,FRESHMEN,Freshmen,195.7,1210.0,25.0,,,0.0,0.0,3.3,CAS,401.0,Biology,SAR,1237.0,Human Physiology,3.81,3.33,3.38,3.41,3.67,3.67,3.76,3.79,3.81,3.81,3.81,3.81,3.81,3.81,3.81,3.81,3.81,3.81,3.81,3.81,3.81,3.81,3.81,3.33,3.43,4.0,3.93,3.93,4.0,4.0,4.0,0.0,0.0,0.0,1,0,0.48,1
2021,MA,USA,English,White,WS,W,WOMEN'S SOCCER,J19,Fall2019,U4,TRANSFERS,Transfers,204.0,,,,,,,3.3,CAS,2204.0,Economics,COM,601.0,Communication,3.2,2.95,2.95,3.13,3.13,3.2,3.2,3.2,3.2,3.2,3.2,3.2,3.2,3.2,3.2,3.2,3.2,3.2,3.2,3.2,3.2,3.2,3.2,2.95,0.0,3.58,0.0,3.34,0.0,0.0,0.0,0.0,0.0,0.0,1,1,0.25,1
2023,CA,USA,English,White,CW,W,CROSS COUNTRY (WOMEN),S20,Fall2020,U3,FRESHMEN,Freshmen,223.5,1380.0,,,,0.0,0.0,4.0,SAR,5521.0,Health Studies,SAR,5558.0,Health Science,3.74,3.87,3.85,3.85,3.81,3.82,3.74,3.74,3.74,3.74,3.74,3.74,3.74,3.74,3.74,3.74,3.74,3.74,3.74,3.74,3.74,3.74,3.74,3.87,3.83,0.0,3.71,3.85,3.33,0.0,0.0,0.0,0.0,0.0,1,0,-0.1299999999999999,1
2022,IL,USA,English,White,LW,W,LACROSSE (WOMEN),S21,Fall2021,U2,TRANSFERS,Transfers,225.0,1280.0,27.0,,,,,3.1,COM,602.0,Journalism,COM,691.0,Public Relations,3.38,3.18,3.38,3.38,3.38,3.38,3.38,3.38,3.38,3.38,3.38,3.38,3.38,3.38,3.38,3.38,3.38,3.38,3.38,3.38,3.38,3.38,3.38,3.18,3.56,0.0,0.0,0.0,0.0,0.0,0.0,0.0,0.0,0.0,1,1,0.19999999999999973,1
2021,WA,USA,English,White,LR,W,WOMENS LIGHTWEIGHT ROWING,S20,Fall2020,U1,FRESHMEN,Freshmen,232.5,1500.0,34.0,,,,,4.0,CAS,1929.0,Earth&Envirnmntl Sci,ENG,910.0,Mechanical Engnrng,3.71,3.6,3.71,3.71,3.71,3.71,3.71,3.71,3.71,3.71,3.71,3.71,3.71,3.71,3.71,3.71,3.71,3.71,3.71,3.71,3.71,3.71,3.71,3.6,3.83,0.0,0.0,0.0,0.0,0.0,0.0,0.0,0.0,0.0,1,0,0.10999999999999988,1
2023,MA,USA,English,White,WB,W,WOMEN'S BASKETBALL,S19,Fall2019,U4,FRESHMEN,Freshmen,221.2,1410.0,,,,0.0,0.0,3.7,SAR,1237.0,Human Physiology,SAR,5561.0,Behavior and Health,3.56,3.28,3.21,3.37,3.55,3.56,3.51,3.54,3.56,3.56,3.56,3.56,3.56,3.56,3.56,3.56,3.56,3.56,3.56,3.56,3.56,3.56,3.56,3.28,3.14,3.57,3.89,3.35,3.58,3.58,3.57,0.0,0.0,0.0,1,0,0.28000000000000025,1
2023,CA,USA,English,Hispanic/Latino,LR,W,WOMENS LIGHTWEIGHT ROWING,S20,Fall2020,U3,FRESHMEN,Freshmen,227.2,1430.0,32.0,,,0.0,0.0,4.0,CAS,440.0,Marine Science,CAS,435.0,Envir Analysis & Pol,3.33,3.6,3.18,3.2,3.23,3.26,3.33,3.33,3.33,3.33,3.33,3.33,3.33,3.33,3.33,3.33,3.33,3.33,3.33,3.33,3.33,3.33,3.33,3.6,2.75,3.25,3.33,3.35,3.68,0.0,0.0,0.0,0.0,0.0,1,0,-0.27,1
2022,ME,USA,English,White,WB,W,WOMEN'S BASKETBALL,S19,Fall2019,U4,TRANSFERS,Transfers,204.0,,,,,,,3.8,CAS,2208.0,Sociology,COM,601.0,Communication,3.36,2.57,3.18,3.32,3.3,3.3,3.36,3.36,3.36,3.36,3.36,3.36,3.36,3.36,3.36,3.36,3.36,3.36,3.36,3.36,3.36,3.36,3.36,2.57,3.8,3.33,3.23,3.53,3.35,0.0,0.0,0.0,0.0,0.0,1,1,0.79,1
2023,,Australia,English,Non-Resident Alien,WG,W,WOMEN'S GOLF,J20,Fall2020,U4,FRESHMEN,Freshmen,207.0,1340.0,,,,0.0,0.0,3.4,CAS,2204.0,Economics,COM,691.0,Public Relations,3.81,3.77,3.77,3.74,3.74,3.74,3.74,3.81,3.81,3.81,3.81,3.81,3.81,3.81,3.81,3.81,3.81,3.81,3.81,3.81,3.81,3.81,3.81,3.77,0.0,3.66,0.0,4.0,0.0,3.8,0.0,0.0,0.0,0.0,1,0,0.040000000000000036,1
2023,CT,USA,English,White,WS,W,WOMEN'S SOCCER,S20,Fall2020,U3,FRESHMEN,Freshmen,210.7,1230.0,,,,0.0,0.0,3.9,CAS,506.0,Business Admin & Mgt,COM,614.0,Advertising,3.53,3.68,3.45,3.32,3.32,3.47,3.53,3.53,3.53,3.53,3.53,3.53,3.53,3.53,3.53,3.53,3.53,3.53,3.53,3.53,3.53,3.53,3.53,3.68,3.2,3.08,0.0,3.85,3.85,0.0,0.0,0.0,0.0,0.0,1,0,-0.15000000000000036,1
2021,WA,USA,English,Two or More Races Reported,LR,W,WOMENS LIGHTWEIGHT ROWING,S19,Fall2019,U2,FRESHMEN,Freshmen,222.7,1370.0,30.0,,,,,4.0,QST,506.0,Business Admin & Mgt,CAS,2001.0,Psychology,3.29,2.9,3.29,3.39,3.29,3.29,3.29,3.29,3.29,3.29,3.29,3.29,3.29,3.29,3.29,3.29,3.29,3.29,3.29,3.29,3.29,3.29,3.29,2.9,3.68,3.6,3.0,0.0,0.0,0.0,0.0,0.0,0.0,0.0,1,0,0.3900000000000001,1
2023,PA,USA,English,White,LW,W,LACROSSE (WOMEN),S20,Fall2020,U3,FRESHMEN,Freshmen,222.7,1370.0,30.0,,,0.0,0.0,4.0,CAS,441.0,Biochem & Molec Bio,SAR,5558.0,Health Science,3.61,3.5,3.68,3.57,3.48,3.55,3.61,3.61,3.61,3.61,3.61,3.61,3.61,3.61,3.61,3.61,3.61,3.61,3.61,3.61,3.61,3.61,3.61,3.5,3.84,3.33,3.19,3.85,3.93,0.0,0.0,0.0,0.0,0.0,1,0,0.10999999999999988,1
2021,NY,USA,English,White,WC,W,WOMEN'S ROWING,S17,Fall2017,U4,FRESHMEN,Freshmen,204.7,1190.0,26.0,1150.0,,,,3.7,CAS,401.0,Biology,SAR,5558.0,Health Science,3.25,2.58,2.47,2.63,2.88,2.96,3.1,3.18,3.25,3.25,3.25,3.25,3.25,3.25,3.25,3.25,3.25,3.25,3.25,3.25,3.25,3.25,3.25,2.58,2.33,2.88,3.6,3.25,3.83,3.77,3.9,0.0,0.0,0.0,1,0,0.6699999999999999,1
2023,WA,USA,English,White,WC,W,WOMEN'S ROWING,S21,Fall2021,U2,FRESHMEN,Freshmen,207.0,1180.0,,,,0.0,0.0,3.9,CAS,401.0,Biology,SAR,5558.0,Health Science,3.29,3.53,3.48,3.36,3.29,3.29,3.29,3.29,3.29,3.29,3.29,3.29,3.29,3.29,3.29,3.29,3.29,3.29,3.29,3.29,3.29,3.29,3.29,3.53,3.43,3.14,3.1,0.0,0.0,0.0,0.0,0.0,0.0,0.0,1,0,-0.23999999999999977,1
2023,,Canada,English,Non-Resident Alien,WH,W,WOMEN'S HOCKEY,S20,Fall2020,U3,FRESHMEN,Freshmen,213.0,1260.0,,,,0.0,0.0,3.9,CAS,441.0,Biochem & Molec Bio,CAS,401.0,Biology,3.67,3.78,3.81,3.8,3.59,3.64,3.67,3.67,3.67,3.67,3.67,3.67,3.67,3.67,3.67,3.67,3.67,3.67,3.67,3.67,3.67,3.67,3.67,3.78,3.85,3.23,3.33,3.85,3.57,0.0,0.0,0.0,0.0,0.0,1,0,-0.10999999999999988,1
2022,DC,USA,English,White,WC,W,WOMEN'S ROWING,S20,Fall2020,U2,FRESHMEN,Freshmen,212.2,1370.0,30.0,,,,,3.5,CAS,401.0,Biology,SAR,1237.0,Human Physiology,3.16,3.65,3.65,3.3,3.16,3.16,3.16,3.16,3.16,3.16,3.16,3.16,3.16,3.16,3.16,3.16,3.16,3.16,3.16,3.16,3.16,3.16,3.16,3.65,3.65,2.6,2.75,0.0,0.0,0.0,0.0,0.0,0.0,0.0,1,0,-0.48999999999999977,1
2023,PA,USA,English,White,LR,W,WOMENS LIGHTWEIGHT ROWING,S21,Fall2021,U2,FRESHMEN,Freshmen,,,,,,0.0,0.0,3.8,CAS,317.0,Interntl Relations,CAS,1522.0,Phil & Political Sci,3.22,3.39,3.05,3.18,3.22,3.22,3.22,3.22,3.22,3.22,3.22,3.22,3.22,3.22,3.22,3.22,3.22,3.22,3.22,3.22,3.22,3.22,3.22,3.39,2.79,3.43,3.35,0.0,0.0,0.0,0.0,0.0,0.0,0.0,1,0,-0.16999999999999993,1
2022,MA,USA,English,White,SG,W,WOMEN'S SWIMMING,S18,Fall2018,U4,FRESHMEN,Freshmen,219.0,1320.0,28.0,,,,,4.0,CAS,5558.0,Health Science,QST,506.0,Business Admin & Mgt,3.51,3.08,3.16,3.22,3.41,3.46,3.51,3.54,3.51,3.51,3.51,3.51,3.51,3.51,3.51,3.51,3.51,3.51,3.51,3.51,3.51,3.51,3.51,3.08,3.25,3.33,4.0,3.93,3.35,3.75,3.28,0.0,0.0,0.0,1,0,0.4299999999999997,1
2021,MA,USA,English,No Information,WC,W,WOMEN'S ROWING,S19,Fall2019,U2,FRESHMEN,Freshmen,229.5,1520.0,,,,,,3.7,CAS,435.0,Envir Analysis & Pol,CAS,317.0,Interntl Relations,3.77,3.6,3.77,3.77,3.77,3.77,3.77,3.77,3.77,3.77,3.77,3.77,3.77,3.77,3.77,3.77,3.77,3.77,3.77,3.77,3.77,3.77,3.77,3.6,4.0,0.0,0.0,0.0,0.0,0.0,0.0,0.0,0.0,0.0,1,0,0.16999999999999993,1
2021,NY,USA,English,White,WT,W,WOMEN'S TRACK AND FIELD,S16,Fall2016,G1,FRESHMEN,Freshmen,219.0,1340.0,30.0,1290.0,650.0,640.0,,3.9,SAR,1237.0,Human Physiology,CAS,401.0,Biology,3.66,3.37,3.43,3.53,3.6,3.61,3.6,3.65,3.66,3.66,3.66,3.66,3.66,3.66,3.66,3.66,3.66,3.66,3.66,3.66,3.66,3.66,3.66,3.37,3.49,3.75,3.83,3.68,3.51,4.0,3.75,0.0,0.0,0.0,1,0,0.29000000000000004,1
2023,,Canada,English,Non-Resident Alien,WT,W,WOMEN'S TRACK AND FIELD,S21,Fall2021,U2,FRESHMEN,Freshmen,189.0,1060.0,,,,0.0,0.0,3.5,CAS,622.0,Cinema&Media Studies,COM,608.0,Film and Television,3.78,3.58,3.75,3.75,3.78,3.78,3.78,3.78,3.78,3.78,3.78,3.78,3.78,3.78,3.78,3.78,3.78,3.78,3.78,3.78,3.78,3.78,3.78,3.58,3.93,3.75,3.85,0.0,0.0,0.0,0.0,0.0,0.0,0.0,1,0,0.19999999999999973,1
2022,PA,USA,English,White,LR,W,WOMENS LIGHTWEIGHT ROWING,S18,Fall2018,U4,FRESHMEN,Freshmen,228.0,1440.0,,,,,,4.0,ENG,905.0,Biomedical Engnrng,SAR,1237.0,Human Physiology,3.45,2.99,3.2,3.33,3.38,3.42,3.44,3.46,3.45,3.45,3.45,3.45,3.45,3.45,3.45,3.45,3.45,3.45,3.45,3.45,3.45,3.45,3.45,2.99,3.43,3.68,3.53,3.6,3.58,3.57,3.35,0.0,0.0,0.0,1,0,0.45999999999999996,1
2022,CA,USA,English,Hispanic/Latino,SB,W,SOFTBALL,S18,Fall2018,U4,FRESHMEN,Freshmen,230.2,1470.0,32.0,,,,,4.0,CAS,1704.0,Economics and Math,CAS,2204.0,Economics,3.6,3.58,3.38,3.39,3.42,3.51,3.59,3.61,3.6,3.6,3.6,3.6,3.6,3.6,3.6,3.6,3.6,3.6,3.6,3.6,3.6,3.6,3.6,3.58,3.18,3.43,3.5,3.83,4.0,3.8,3.5,0.0,0.0,0.0,1,0,0.020000000000000018,1
2023,GA,USA,English,African American or Black,WB,W,WOMEN'S BASKETBALL,S19,Fall2019,U4,FRESHMEN,Freshmen,188.2,1210.0,,,,0.0,0.0,2.8,CAS,2204.0,Economics,CAS,313.0,American Studies,2.68,1.68,2.19,2.3,2.53,2.72,2.78,2.7,2.68,2.68,2.68,2.68,2.68,2.68,2.68,2.68,2.68,2.68,2.68,2.68,2.68,2.68,2.68,1.68,2.87,2.5,3.18,3.08,3.23,1.93,2.58,0.0,0.0,0.0,1,0,1.0000000000000002,1
2021,NJ,USA,English,African American or Black,WT,W,WOMEN'S TRACK AND FIELD,S17,Fall2017,U4,FRESHMEN,Freshmen,199.5,1280.0,23.0,1280.0,,,,3.2,COM,601.0,Communication,CAS,1505.0,Linguistics,3.2,3.13,2.49,2.44,2.69,2.8,3.03,3.07,3.2,3.2,3.2,3.2,3.2,3.2,3.2,3.2,3.2,3.2,3.2,3.2,3.2,3.2,3.2,3.13,2.0,2.15,3.43,3.68,3.85,3.02,3.88,0.0,0.0,0.0,1,0,0.07000000000000028,1
2023,VA,USA,English,Asian,SG,W,WOMEN'S SWIMMING,S20,Fall2020,U3,FRESHMEN,Freshmen,215.2,1370.0,30.0,,,0.0,0.0,3.6,CAS,401.0,Biology,SAR,5558.0,Health Science,3.47,3.33,3.5,3.3,3.38,3.44,3.47,3.47,3.47,3.47,3.47,3.47,3.47,3.47,3.47,3.47,3.47,3.47,3.47,3.47,3.47,3.47,3.47,3.33,3.68,2.77,3.67,3.62,3.58,0.0,0.0,0.0,0.0,0.0,1,0,0.14000000000000012,1
2023,PA,USA,English,Two or More Races Reported,LW,W,LACROSSE (WOMEN),S20,Fall2020,U3,FRESHMEN,Freshmen,213.7,1290.0,,,,0.0,0.0,3.8,CAS,5558.0,Health Science,COM,614.0,Advertising,3.4,3.65,3.66,3.62,3.29,3.33,3.4,3.4,3.4,3.4,3.4,3.4,3.4,3.4,3.4,3.4,3.4,3.4,3.4,3.4,3.4,3.4,3.4,3.65,3.68,2.87,2.85,3.48,3.8,0.0,0.0,0.0,0.0,0.0,1,0,-0.25,1
2021,MI,USA,English,No Information,SB,W,SOFTBALL,S17,Fall2017,U4,FRESHMEN,Freshmen,223.5,1380.0,31.0,,,,,4.0,CAS,441.0,Biochem & Molec Bio,CAS,1925.0,Chemistry: Biochem,3.58,3.68,3.38,3.41,3.43,3.51,3.54,3.56,3.58,3.58,3.58,3.58,3.58,3.58,3.58,3.58,3.58,3.58,3.58,3.58,3.58,3.58,3.58,3.68,3.08,3.48,3.53,3.78,3.65,3.68,3.78,0.0,0.0,0.0,1,0,-0.10000000000000009,1
2023,NY,USA,English,White,TW,W,WOMEN'S TENNIS,S21,Fall2021,U2,FRESHMEN,Freshmen,210.0,1300.0,,,,0.0,0.0,3.6,CAS,430.0,"Bio, Neurobiology",SAR,5558.0,Health Science,3.32,3.33,3.37,3.38,3.32,3.32,3.32,3.32,3.32,3.32,3.32,3.32,3.32,3.32,3.32,3.32,3.32,3.32,3.32,3.32,3.32,3.32,3.32,3.33,3.4,3.56,3.1,0.0,0.0,0.0,0.0,0.0,0.0,0.0,1,0,-0.010000000000000231,1
2021,NY,USA,English,White,WC,W,WOMEN'S ROWING,S17,Fall2017,U4,FRESHMEN,Freshmen,222.0,1380.0,31.0,,,,,3.9,CAS,466.0,"Bio Cell,Molec,Gentc",SAR,5558.0,Health Science,3.64,3.33,3.3,3.25,3.39,3.45,3.55,3.59,3.64,3.64,3.64,3.64,3.64,3.64,3.64,3.64,3.64,3.64,3.64,3.64,3.64,3.64,3.64,3.33,3.28,3.15,3.83,3.68,3.94,3.84,4.0,0.0,0.0,0.0,1,0,0.31000000000000005,1
2023,OR,USA,English,White,WC,W,WOMEN'S ROWING,S20,Fall2020,U3,FRESHMEN,Freshmen,220.5,1340.0,29.0,,,0.0,0.0,4.0,CAS,430.0,"Bio, Neurobiology",CAS,2001.0,Psychology,3.07,3.33,3.13,3.13,3.03,3.06,3.07,3.07,3.07,3.07,3.07,3.07,3.07,3.07,3.07,3.07,3.07,3.07,3.07,3.07,3.07,3.07,3.07,3.33,2.93,2.97,2.9,3.15,3.1,0.0,0.0,0.0,0.0,0.0,1,0,-0.26000000000000023,1
2021,FL,USA,English,White,LR,W,WOMENS LIGHTWEIGHT ROWING,S19,Fall2019,U2,FRESHMEN,Freshmen,219.0,1360.0,,,,,,3.8,CAS,449.0,Neuroscience,CAS,2207.0,Political Science,3.44,3.08,3.22,3.44,3.44,3.44,3.44,3.44,3.44,3.44,3.44,3.44,3.44,3.44,3.44,3.44,3.44,3.44,3.44,3.44,3.44,3.44,3.44,3.08,3.5,3.78,0.0,0.0,0.0,0.0,0.0,0.0,0.0,0.0,1,0,0.3599999999999999,1
2023,OH,USA,English,White,WT,W,WOMEN'S TRACK AND FIELD,S20,Fall2020,U3,FRESHMEN,Freshmen,205.5,1140.0,23.0,,,0.0,0.0,4.0,CAS,466.0,"Bio Cell,Molec,Gentc",CAS,2001.0,Psychology,3.34,3.53,3.39,3.37,3.45,3.37,3.34,3.34,3.34,3.34,3.34,3.34,3.34,3.34,3.34,3.34,3.34,3.34,3.34,3.34,3.34,3.34,3.34,3.53,3.25,3.33,3.77,3.1,3.18,0.0,0.0,0.0,0.0,0.0,1,0,-0.18999999999999995,1
2023,FL,USA,English,Asian,LR,W,WOMENS LIGHTWEIGHT ROWING,S20,Fall2020,U3,FRESHMEN,Freshmen,223.5,1400.0,31.0,,,0.0,0.0,3.9,CAS,401.0,Biology,SAR,1237.0,Human Physiology,3.56,3.58,3.66,3.44,3.48,3.5,3.56,3.56,3.56,3.56,3.56,3.56,3.56,3.56,3.56,3.56,3.56,3.56,3.56,3.56,3.56,3.56,3.56,3.58,3.75,3.0,3.6,3.58,3.85,0.0,0.0,0.0,0.0,0.0,1,0,-0.020000000000000018,1
2023,WA,USA,English,White,LR,W,WOMENS LIGHTWEIGHT ROWING,S20,Fall2020,U4,TRANSFERS,Transfers,240.0,1480.0,33.0,,,0.0,0.0,,CAS,441.0,Biochem & Molec Bio,SAR,5558.0,Health Science,2.95,1.18,2.59,2.26,2.59,2.82,2.95,2.95,2.95,2.95,2.95,2.95,2.95,2.95,2.95,2.95,2.95,2.95,2.95,2.95,2.95,2.95,2.95,1.18,4.0,2.13,3.58,3.67,3.58,0.0,0.0,0.0,0.0,0.0,1,1,1.7700000000000002,1
2023,MA,USA,English,White,FH,W,FIELD HOCKEY,S20,Fall2020,U3,FRESHMEN,Freshmen,209.2,1230.0,,,,0.0,0.0,3.8,QST,506.0,Business Admin & Mgt,COM,691.0,Public Relations,3.26,2.43,2.71,2.9,3.13,3.19,3.26,3.26,3.26,3.26,3.26,3.26,3.26,3.26,3.26,3.26,3.26,3.26,3.26,3.26,3.26,3.26,3.26,2.43,3.1,3.23,3.75,3.43,3.58,0.0,0.0,0.0,0.0,0.0,1,0,0.8299999999999996,1
2023,NJ,USA,English,White,CW,W,CROSS COUNTRY (WOMEN),S21,Fall2021,U3,TRANSFERS,Transfers,234.0,,,,,0.0,0.0,3.8,CAS,449.0,Neuroscience,SAR,5558.0,Health Science,3.44,2.75,3.16,3.25,3.44,3.44,3.44,3.44,3.44,3.44,3.44,3.44,3.44,3.44,3.44,3.44,3.44,3.44,3.44,3.44,3.44,3.44,3.44,2.75,3.58,3.43,3.93,0.0,0.0,0.0,0.0,0.0,0.0,0.0,1,1,0.69,1
2023,,China,Non-English,Non-Resident Alien,SG,W,WOMEN'S SWIMMING,S21,Fall2021,U2,FRESHMEN,Freshmen,209.2,1250.0,,,,0.0,0.0,3.7,CFA,1002.0,Fresh/Sophomore Core,CFA,1012.0,Graphic Design,3.64,3.93,3.85,3.78,3.64,3.64,3.64,3.64,3.64,3.64,3.64,3.64,3.64,3.64,3.64,3.64,3.64,3.64,3.64,3.64,3.64,3.64,3.64,3.93,3.75,3.64,3.24,0.0,0.0,0.0,0.0,0.0,0.0,0.0,1,0,-0.29000000000000004,1
2023,WA,USA,English,White,WT,W,WOMEN'S TRACK AND FIELD,S20,Fall2020,U3,FRESHMEN,Freshmen,213.0,1240.0,26.0,,,0.0,0.0,4.0,SAR,1237.0,Human Physiology,SAR,5558.0,Health Science,3.31,3.25,3.38,3.23,3.19,3.29,3.31,3.31,3.31,3.31,3.31,3.31,3.31,3.31,3.31,3.31,3.31,3.31,3.31,3.31,3.31,3.31,3.31,3.25,3.5,2.93,3.08,3.58,3.43,0.0,0.0,0.0,0.0,0.0,1,0,0.06000000000000005,1
2023,VA,USA,English,White,LW,W,LACROSSE (WOMEN),S16,Fall2016,G1,FRESHMEN,Freshmen,199.5,1120.0,22.0,1120.0,540.0,580.0,,3.7,MET,,,MET,,,,,,,,,,,,,,,,,,,,,,,,,,,0.0,0.0,0.0,0.0,0.0,0.0,0.0,0.0,0.0,0.0,1,0,,1
2023,,England,English,Non-Resident Alien,WC,W,WOMEN'S ROWING,S21,Fall2021,U2,FRESHMEN,Freshmen,,,,,,0.0,0.0,4.0,CAS,2001.0,Psychology,SAR,5561.0,Behavior and Health,3.5,3.48,3.5,3.56,3.5,3.5,3.5,3.5,3.5,3.5,3.5,3.5,3.5,3.5,3.5,3.5,3.5,3.5,3.5,3.5,3.5,3.5,3.5,3.48,3.53,3.68,3.33,0.0,0.0,0.0,0.0,0.0,0.0,0.0,1,0,0.020000000000000018,1
2023,GA,USA,English,White,WC,W,WOMEN'S ROWING,S20,Fall2020,U3,FRESHMEN,Freshmen,222.0,1360.0,,,,0.0,0.0,4.0,CAS,466.0,"Bio Cell,Molec,Gentc",SAR,1237.0,Human Physiology,3.64,3.68,3.66,3.53,3.5,3.57,3.64,3.64,3.64,3.64,3.64,3.64,3.64,3.64,3.64,3.64,3.64,3.64,3.64,3.64,3.64,3.64,3.64,3.68,3.65,3.25,3.43,3.85,4.0,0.0,0.0,0.0,0.0,0.0,1,0,-0.040000000000000036,1
2023,MD,USA,English,White,LW,W,LACROSSE (WOMEN),S19,Fall2019,U4,FRESHMEN,Freshmen,209.2,1230.0,,,,0.0,0.0,3.8,SAR,424.0,Nutritional Sciences,SAR,5558.0,Health Science,3.37,2.93,2.97,3.09,3.18,3.17,3.26,3.35,3.37,3.37,3.37,3.37,3.37,3.37,3.37,3.37,3.37,3.37,3.37,3.37,3.37,3.37,3.37,2.93,3.03,3.3,3.43,3.11,3.75,3.93,4.0,0.0,0.0,0.0,1,0,0.43999999999999995,1
2021,,Austrailia,English,Asian,FH,W,FIELD HOCKEY,S17,Fall2017,U4,FRESHMEN,Freshmen,203.2,1210.0,,1210.0,630.0,580.0,560.0,3.6,CAS,401.0,Biology,SAR,5561.0,Behavior and Health,3.69,3.43,3.38,3.44,3.57,3.6,3.64,3.65,3.69,3.69,3.69,3.69,3.69,3.69,3.69,3.69,3.69,3.69,3.69,3.69,3.69,3.69,3.69,3.43,3.33,4.0,3.43,3.69,3.85,3.78,3.93,0.0,0.0,0.0,1,0,0.2599999999999998,1
2023,MA,USA,English,Two or More Races Reported,WS,W,WOMEN'S SOCCER,S20,Fall2020,U3,FRESHMEN,Freshmen,227.2,1430.0,,,,0.0,0.0,4.0,CAS,1524.0,Philosophy&Neuroscnc,CAS,435.0,Envir Analysis & Pol,3.91,3.78,3.89,3.93,3.88,3.89,3.91,3.91,3.91,3.91,3.91,3.91,3.91,3.91,3.91,3.91,3.91,3.91,3.91,3.91,3.91,3.91,3.91,3.78,4.0,4.0,3.75,3.93,4.0,0.0,0.0,0.0,0.0,0.0,1,0,0.13000000000000034,1
2021,NY,USA,English,White,WC,W,WOMEN'S ROWING,S19,Fall2019,U2,FRESHMEN,Freshmen,237.0,1560.0,,,,,,4.0,CAS,466.0,"Bio Cell,Molec,Gentc",QST,506.0,Business Admin & Mgt,3.69,3.33,3.5,3.56,3.69,3.69,3.69,3.69,3.69,3.69,3.69,3.69,3.69,3.69,3.69,3.69,3.69,3.69,3.69,3.69,3.69,3.69,3.69,3.33,3.68,3.74,3.93,0.0,0.0,0.0,0.0,0.0,0.0,0.0,1,0,0.3599999999999999,1
2023,OH,USA,English,White,SG,W,WOMEN'S SWIMMING,S21,Fall2021,U2,FRESHMEN,Freshmen,206.2,1210.0,25.0,,,0.0,0.0,3.7,CAS,622.0,Cinema&Media Studies,COM,608.0,Film and Television,3.53,3.68,3.68,3.65,3.53,3.53,3.53,3.53,3.53,3.53,3.53,3.53,3.53,3.53,3.53,3.53,3.53,3.53,3.53,3.53,3.53,3.53,3.53,3.68,3.68,3.6,3.15,0.0,0.0,0.0,0.0,0.0,0.0,0.0,1,0,-0.15000000000000036,1
2022,VA,USA,English,White,WC,W,WOMEN'S ROWING,S18,Fall2018,U4,FRESHMEN,Freshmen,225.0,1400.0,30.0,,,,,4.0,CAS,317.0,Interntl Relations,CAS,2207.0,Political Science,3.35,2.9,3.0,2.98,3.11,3.25,3.32,3.35,3.35,3.35,3.35,3.35,3.35,3.35,3.35,3.35,3.35,3.35,3.35,3.35,3.35,3.35,3.35,2.9,3.1,2.93,3.67,3.75,3.6,3.08,0.0,0.0,0.0,0.0,1,0,0.4500000000000002,1
2023,FL,USA,English,African American or Black,WB,W,WOMEN'S BASKETBALL,S20,Fall2020,U3,FRESHMEN,Freshmen,183.7,1070.0,,,,0.0,0.0,3.2,CAS,313.0,American Studies,COM,602.0,Journalism,2.74,2.75,2.83,2.79,2.73,2.76,2.74,2.74,2.74,2.74,2.74,2.74,2.74,2.74,2.74,2.74,2.74,2.74,2.74,2.74,2.74,2.74,2.74,2.75,2.9,2.93,2.43,2.58,2.68,0.0,0.0,0.0,0.0,0.0,1,0,-0.009999999999999787,1
2021,FL,USA,English,White,WT,W,WOMEN'S TRACK AND FIELD,S16,Fall2016,U4,FRESHMEN,Freshmen,212.2,1290.0,,1290.0,650.0,640.0,,3.7,SAR,5521.0,Health Studies,SAR,5558.0,Health Science,3.31,2.5,2.99,3.29,3.36,3.41,3.35,3.3,3.23,3.31,3.31,3.31,3.31,3.31,3.31,3.31,3.31,3.31,3.31,3.31,3.31,3.31,3.31,2.5,3.54,3.85,3.58,3.65,3.1,2.7,3.75,3.9,3.3,0.0,1,0,0.81,1
2023,NJ,USA,English,Two or More Races Reported,LW,W,LACROSSE (WOMEN),S21,Fall2021,U2,FRESHMEN,Freshmen,214.5,1260.0,,,,0.0,0.0,4.0,CAS,435.0,Envir Analysis & Pol,COM,614.0,Advertising,3.46,3.33,3.29,3.42,3.46,3.46,3.46,3.46,3.46,3.46,3.46,3.46,3.46,3.46,3.46,3.46,3.46,3.46,3.46,3.46,3.46,3.46,3.46,3.33,3.25,3.68,3.6,0.0,0.0,0.0,0.0,0.0,0.0,0.0,1,0,0.1299999999999999,1
2022,NY,USA,English,White,WT,W,WOMEN'S TRACK AND FIELD,S19,Fall2019,U3,FRESHMEN,Freshmen,190.5,1180.0,,,,,,3.1,COM,691.0,Public Relations,SHA,518.0,Hospitality Admin,2.81,2.23,2.8,2.67,3.13,3.02,2.88,2.81,2.81,2.81,2.81,2.81,2.81,2.81,2.81,2.81,2.81,2.81,2.81,2.81,2.81,2.81,2.81,2.23,3.65,3.31,3.54,2.77,2.41,0.0,0.0,0.0,0.0,0.0,1,0,0.5800000000000001,1
2023,MA,USA,English,White,WH,W,WOMEN'S HOCKEY,S19,Fall2019,U4,FRESHMEN,Freshmen,192.0,1180.0,24.0,,,0.0,0.0,3.2,CAS,614.0,Advertising,COM,602.0,Journalism,2.6,2.08,2.38,2.38,2.05,2.1,2.34,2.35,2.6,2.6,2.6,2.6,2.6,2.6,2.6,2.6,2.6,2.6,2.6,2.6,2.6,2.6,2.6,2.08,3.0,1.33,2.1,2.58,2.67,3.25,3.2,0.0,0.0,0.0,1,0,0.52,1
2023,OK,USA,English,White,WC,W,WOMEN'S ROWING,S20,Fall2020,U3,FRESHMEN,Freshmen,220.5,1340.0,29.0,,,0.0,0.0,4.0,CAS,472.0,Bio w/spec Beh Bio,COM,691.0,Public Relations,3.03,2.93,2.9,2.96,2.92,3.01,3.03,3.03,3.03,3.03,3.03,3.03,3.03,3.03,3.03,3.03,3.03,3.03,3.03,3.03,3.03,3.03,3.03,2.93,2.87,3.08,2.77,3.33,3.1,0.0,0.0,0.0,0.0,0.0,1,0,0.09999999999999964,1
2023,MD,USA,English,Two or More Races Reported,LR,W,WOMENS LIGHTWEIGHT ROWING,S21,Fall2021,U2,FRESHMEN,Freshmen,225.0,1400.0,,,,0.0,0.0,4.0,QST,506.0,Business Admin & Mgt,CAS,435.0,Envir Analysis & Pol,3.64,3.78,3.66,3.55,3.64,3.64,3.64,3.64,3.64,3.64,3.64,3.64,3.64,3.64,3.64,3.64,3.64,3.64,3.64,3.64,3.64,3.64,3.64,3.78,3.56,3.33,3.93,0.0,0.0,0.0,0.0,0.0,0.0,0.0,1,0,-0.13999999999999968,1
2023,NJ,USA,English,White,CW,W,CROSS COUNTRY (WOMEN),S21,Fall2021,U2,FRESHMEN,Freshmen,,,,,,0.0,0.0,4.0,CAS,2207.0,Political Science,COM,614.0,Advertising,3.45,3.68,3.63,3.4,3.45,3.45,3.45,3.45,3.45,3.45,3.45,3.45,3.45,3.45,3.45,3.45,3.45,3.45,3.45,3.45,3.45,3.45,3.45,3.68,3.58,2.95,3.67,0.0,0.0,0.0,0.0,0.0,0.0,0.0,1,0,-0.22999999999999998,1
2022,PA,USA,English,White,FH,W,FIELD HOCKEY,S19,Fall2019,U3,FRESHMEN,Freshmen,214.5,1400.0,31.0,,,,,3.5,CAS,401.0,Biology,SAR,424.0,Nutritional Sciences,3.0,2.58,3.0,3.09,3.02,3.09,3.0,3.0,3.0,3.0,3.0,3.0,3.0,3.0,3.0,3.0,3.0,3.0,3.0,3.0,3.0,3.0,3.0,2.58,3.57,2.83,3.1,2.58,3.03,0.0,0.0,0.0,0.0,0.0,1,0,0.41999999999999993,1
2021,,Canada,English,Non-Resident Alien,WT,W,WOMEN'S TRACK AND FIELD,S17,Fall2017,U4,FRESHMEN,Freshmen,205.5,1180.0,,1180.0,,,,3.8,SAR,5561.0,Behavior and Health,SAR,5558.0,Health Science,3.68,3.3,3.43,3.53,3.61,3.61,3.61,3.63,3.68,3.68,3.68,3.68,3.68,3.68,3.68,3.68,3.68,3.68,3.68,3.68,3.68,3.68,3.68,3.3,3.56,3.8,3.85,3.6,3.6,4.0,3.6,0.0,0.0,0.0,1,0,0.38000000000000034,1
2023,TX,USA,English,Hispanic/Latino,CW,W,CROSS COUNTRY (WOMEN),S21,Fall2021,U3,TRANSFERS,Transfers,237.0,1180.0,24.0,,,0.0,0.0,,CAS,1509.0,Philosophy,CAS,1540.0,Phil & Psychology,3.58,3.8,3.54,3.58,3.58,3.58,3.58,3.58,3.58,3.58,3.58,3.58,3.58,3.58,3.58,3.58,3.58,3.58,3.58,3.58,3.58,3.58,3.58,3.8,3.35,3.65,3.58,0.0,0.0,0.0,0.0,0.0,0.0,0.0,1,1,-0.21999999999999975,1
2023,CA,USA,English,Hispanic/Latino,WS,W,WOMEN'S SOCCER,S19,Fall2019,U4,FRESHMEN,Freshmen,216.7,1290.0,,,,0.0,0.0,4.0,SAR,1237.0,Human Physiology,SAR,5561.0,Behavior and Health,3.58,2.85,3.2,3.38,3.45,3.51,3.54,3.55,3.58,3.58,3.58,3.58,3.58,3.58,3.58,3.58,3.58,3.58,3.58,3.58,3.58,3.58,3.58,2.85,3.51,3.78,3.68,3.75,3.68,3.5,4.0,0.0,0.0,0.0,1,0,0.73,1
2023,FL,USA,English,White,WC,W,WOMEN'S ROWING,S18,Fall2018,G1,FRESHMEN,Freshmen,216.0,1340.0,,,,0.0,0.0,3.7,SAR,424.0,Nutritional Sciences,SAR,5561.0,Behavior and Health,3.4,3.33,3.38,3.4,3.49,3.52,3.46,3.42,3.4,3.4,3.4,3.4,3.4,3.4,3.4,3.4,3.4,3.4,3.4,3.4,3.4,3.4,3.4,3.33,3.43,3.43,3.75,3.61,3.13,3.1,3.0,0.0,0.0,0.0,1,0,0.06999999999999984,1
2023,MN,USA,English,Two or More Races Reported,WS,W,WOMEN'S SOCCER,S19,Fall2019,U4,FRESHMEN,Freshmen,213.7,1310.0,28.0,,,0.0,0.0,3.7,COM,602.0,Journalism,CAS,1501.0,English,3.28,2.78,2.9,3.01,3.11,3.08,3.13,3.21,3.28,3.28,3.28,3.28,3.28,3.28,3.28,3.28,3.28,3.28,3.28,3.28,3.28,3.28,3.28,2.78,3.15,3.23,3.18,3.0,3.33,3.65,3.75,0.0,0.0,0.0,1,0,0.5,1
2022,PA,USA,English,White,WC,W,WOMEN'S ROWING,S19,Fall2019,U3,FRESHMEN,Freshmen,220.5,1340.0,29.0,,,,,4.0,CAS,441.0,Biochem & Molec Bio,SAR,5558.0,Health Science,3.03,2.68,3.01,3.22,3.12,3.16,3.06,3.03,3.03,3.03,3.03,3.03,3.03,3.03,3.03,3.03,3.03,3.03,3.03,3.03,3.03,3.03,3.03,2.68,3.47,3.58,2.85,3.33,2.66,0.0,0.0,0.0,0.0,0.0,1,0,0.34999999999999964,1
2023,NJ,USA,English,White,SG,W,WOMEN'S SWIMMING,S20,Fall2020,U3,FRESHMEN,Freshmen,216.7,1290.0,,,,0.0,0.0,4.0,CAS,401.0,Biology,SAR,5558.0,Health Science,3.62,3.25,3.41,3.48,3.5,3.6,3.62,3.62,3.62,3.62,3.62,3.62,3.62,3.62,3.62,3.62,3.62,3.62,3.62,3.62,3.62,3.62,3.62,3.25,3.58,3.3,3.62,3.93,3.75,0.0,0.0,0.0,0.0,0.0,1,0,0.3700000000000001,1
2023,,Germany,Non-English,Non-Resident Alien,WC,W,WOMEN'S ROWING,S21,Fall2021,U2,FRESHMEN,Freshmen,185.2,1130.0,,,,0.0,0.0,3.0,CAS,2001.0,Psychology,CAS,2204.0,Economics,2.77,3.33,2.53,2.61,2.77,2.77,2.77,2.77,2.77,2.77,2.77,2.77,2.77,2.77,2.77,2.77,2.77,2.77,2.77,2.77,2.77,2.77,2.77,3.33,1.93,2.75,3.23,0.0,0.0,0.0,0.0,0.0,0.0,0.0,1,0,-0.56,1
2023,NY,USA,English,White,LR,W,WOMENS LIGHTWEIGHT ROWING,S20,Fall2020,U3,FRESHMEN,Freshmen,204.7,1170.0,,,,0.0,0.0,3.8,CAS,401.0,Biology,SAR,5558.0,Health Science,3.16,2.78,2.64,2.68,2.89,3.03,3.16,3.16,3.16,3.16,3.16,3.16,3.16,3.16,3.16,3.16,3.16,3.16,3.16,3.16,3.16,3.16,3.16,2.78,2.5,2.75,3.53,3.6,3.83,0.0,0.0,0.0,0.0,0.0,1,0,0.38000000000000034,1
2021,TN,USA,English,White,WC,W,WOMEN'S ROWING,S16,Fall2016,G1,FRESHMEN,Freshmen,229.5,1460.0,33.0,,,,,4.0,ENG,905.0,Biomedical Engnrng,SAR,5558.0,Health Science,3.21,2.67,3.04,3.05,3.12,3.18,3.12,3.17,3.21,3.21,3.21,3.21,3.21,3.21,3.21,3.21,3.21,3.21,3.21,3.21,3.21,3.21,3.21,2.67,3.47,3.08,3.27,3.4,2.83,3.33,3.57,0.0,0.0,0.0,1,0,0.54,1
2022,PA,USA,English,White,FH,W,FIELD HOCKEY,S18,Fall2018,U4,FRESHMEN,Freshmen,208.5,1220.0,,,,,,3.8,SAR,424.0,Nutritional Sciences,COM,691.0,Public Relations,3.33,2.74,3.12,3.2,3.22,3.28,3.22,3.22,3.33,3.33,3.33,3.33,3.33,3.33,3.33,3.33,3.33,3.33,3.33,3.33,3.33,3.33,3.33,2.74,3.5,3.35,3.33,3.5,2.96,3.68,3.68,0.0,0.0,0.0,1,0,0.5899999999999999,1
2023,,Italy,Non-English,Non-Resident Alien,WC,W,WOMEN'S ROWING,S20,Fall2020,U3,FRESHMEN,Freshmen,,,,,,0.0,0.0,3.2,CAS,1540.0,Phil & Psychology,CAS,2001.0,Psychology,3.37,3.0,3.08,3.16,3.27,3.33,3.37,3.37,3.37,3.37,3.37,3.37,3.37,3.37,3.37,3.37,3.37,3.37,3.37,3.37,3.37,3.37,3.37,3.0,3.15,3.33,3.6,3.58,3.58,0.0,0.0,0.0,0.0,0.0,1,0,0.3700000000000001,1
2023,NJ,USA,English,White,WS,W,WOMEN'S SOCCER,S19,Fall2019,U4,FRESHMEN,Freshmen,221.2,1390.0,,,,0.0,0.0,3.8,SAR,1237.0,Human Physiology,SAR,5558.0,Health Science,3.27,3.23,3.16,3.18,3.13,3.21,3.21,3.22,3.27,3.27,3.27,3.27,3.27,3.27,3.27,3.27,3.27,3.27,3.27,3.27,3.27,3.27,3.27,3.23,3.0,3.2,3.0,3.49,3.18,3.35,3.6,0.0,0.0,0.0,1,0,0.040000000000000036,1
2023,TX,USA,English,White,SG,W,WOMEN'S SWIMMING,S20,Fall2020,U3,FRESHMEN,Freshmen,232.5,1500.0,34.0,,,0.0,0.0,4.0,ENG,905.0,Biomedical Engnrng,ENG,910.0,Mechanical Engnrng,3.99,3.93,3.96,3.97,3.98,3.99,3.99,3.99,3.99,3.99,3.99,3.99,3.99,3.99,3.99,3.99,3.99,3.99,3.99,3.99,3.99,3.99,3.99,3.93,4.0,4.0,4.0,4.0,4.0,0.0,0.0,0.0,0.0,0.0,1,0,0.06000000000000005,1
2021,FL,USA,English,Hispanic/Latino,LW,W,LACROSSE (WOMEN),S19,Fall2019,U2,FRESHMEN,Freshmen,222.0,1360.0,29.0,,,,,4.0,QST,506.0,Business Admin & Mgt,COM,614.0,Advertising,2.58,2.45,2.69,2.58,2.58,2.58,2.58,2.58,2.58,2.58,2.58,2.58,2.58,2.58,2.58,2.58,2.58,2.58,2.58,2.58,2.58,2.58,2.58,2.45,3.0,2.33,0.0,0.0,0.0,0.0,0.0,0.0,0.0,0.0,1,0,0.1299999999999999,1
2022,NY,USA,English,White,WS,W,WOMEN'S SOCCER,S20,Fall2020,U2,FRESHMEN,Freshmen,227.2,1430.0,,,,,,4.0,QST,506.0,Business Admin & Mgt,SHA,518.0,Hospitality Admin,3.37,2.5,3.09,3.31,3.37,3.37,3.37,3.37,3.37,3.37,3.37,3.37,3.37,3.37,3.37,3.37,3.37,3.37,3.37,3.37,3.37,3.37,3.37,2.5,3.68,3.75,3.52,0.0,0.0,0.0,0.0,0.0,0.0,0.0,1,0,0.8700000000000001,1
2023,MI,USA,English,White,WH,W,WOMEN'S HOCKEY,S21,Fall2021,U2,FRESHMEN,Freshmen,,,,,,0.0,0.0,4.0,CAS,466.0,"Bio Cell,Molec,Gentc",COM,691.0,Public Relations,3.21,3.5,3.61,3.58,3.21,3.21,3.21,3.21,3.21,3.21,3.21,3.21,3.21,3.21,3.21,3.21,3.21,3.21,3.21,3.21,3.21,3.21,3.21,3.5,3.77,2.25,3.53,0.0,0.0,0.0,0.0,0.0,0.0,0.0,1,0,-0.29000000000000004,1
2023,NJ,USA,English,Asian,TW,W,WOMEN'S TENNIS,S21,Fall2021,U2,FRESHMEN,Freshmen,231.0,1480.0,,,,0.0,0.0,4.0,CAS,317.0,Interntl Relations,QST,506.0,Business Admin & Mgt,3.82,3.83,3.88,3.83,3.82,3.82,3.82,3.82,3.82,3.82,3.82,3.82,3.82,3.82,3.82,3.82,3.82,3.82,3.82,3.82,3.82,3.82,3.82,3.83,3.93,3.75,3.78,0.0,0.0,0.0,0.0,0.0,0.0,0.0,1,0,-0.010000000000000231,1
2023,MA,USA,English,Hispanic/Latino,WT,W,WOMEN'S TRACK AND FIELD,S20,Fall2020,U3,FRESHMEN,Freshmen,206.2,1170.0,,,,0.0,0.0,3.9,CAS,401.0,Biology,SAR,5558.0,Health Science,3.05,3.28,3.25,3.18,3.0,2.98,3.05,3.05,3.05,3.05,3.05,3.05,3.05,3.05,3.05,3.05,3.05,3.05,3.05,3.05,3.05,3.05,3.05,3.28,3.23,3.0,2.5,2.9,3.33,0.0,0.0,0.0,0.0,0.0,1,0,-0.22999999999999998,1
2022,FL,USA,English,White,WB,W,WOMEN'S BASKETBALL,S18,Fall2018,U4,FRESHMEN,Freshmen,232.5,1500.0,33.0,,,,,4.0,CAS,1902.0,Physics,CAS,1721.0,Math-Computer Scienc,3.81,3.85,3.93,3.82,3.85,3.84,3.77,3.8,3.81,3.81,3.81,3.81,3.81,3.81,3.81,3.81,3.81,3.81,3.81,3.81,3.81,3.81,3.81,3.85,4.0,3.53,4.0,3.5,3.68,4.0,3.83,0.0,0.0,0.0,1,0,-0.040000000000000036,1
2023,,Sweden,Non-English,Non-Resident Alien,CW,W,CROSS COUNTRY (WOMEN),J22,Fall2022,U2,FRESHMEN,Freshmen,222.7,1390.0,,,,0.0,0.0,3.9,CAS,1141.0,Comparative Litrture,CAS,1501.0,English,3.98,0.0,4.0,3.96,3.98,3.98,3.98,3.98,3.98,3.98,3.98,3.98,3.98,3.98,3.98,3.98,3.98,3.98,3.98,3.98,3.98,3.98,3.98,0.0,4.0,3.93,4.0,0.0,0.0,0.0,0.0,0.0,0.0,0.0,1,0,3.98,1
2022,FL,USA,English,White,LW,W,LACROSSE (WOMEN),S18,Fall2018,U4,FRESHMEN,Freshmen,230.2,1470.0,32.0,,,,,4.0,CAS,401.0,Biology,CAS,440.0,Marine Science,3.35,3.0,3.21,3.03,3.12,3.13,3.32,3.37,3.35,3.35,3.35,3.35,3.35,3.35,3.35,3.35,3.35,3.35,3.35,3.35,3.35,3.35,3.35,3.0,3.43,2.53,3.47,3.75,3.6,3.68,3.13,0.0,0.0,0.0,1,0,0.3500000000000001,1
2023,FL,USA,English,Hispanic/Latino,SG,W,WOMEN'S SWIMMING,S21,Fall2021,U2,FRESHMEN,Freshmen,204.7,1130.0,,,,0.0,0.0,4.0,CAS,401.0,Biology,SAR,5558.0,Health Science,3.52,2.93,3.21,3.36,3.52,3.52,3.52,3.52,3.52,3.52,3.52,3.52,3.52,3.52,3.52,3.52,3.52,3.52,3.52,3.52,3.52,3.52,3.52,2.93,3.5,3.65,4.0,0.0,0.0,0.0,0.0,0.0,0.0,0.0,1,0,0.5899999999999999,1
2022,,Canada,English,Non-Resident Alien,WH,W,WOMEN'S HOCKEY,S18,Fall2018,U4,FRESHMEN,Freshmen,215.2,1290.0,27.0,,,,,3.9,CAS,208.0,Architectural Studs,QST,506.0,Business Admin & Mgt,3.62,3.5,3.49,3.63,3.68,3.68,3.65,3.66,3.62,3.62,3.62,3.62,3.62,3.62,3.62,3.62,3.62,3.62,3.62,3.62,3.62,3.62,3.62,3.5,3.48,3.93,3.81,3.6,3.6,3.0,3.93,0.0,0.0,0.0,1,0,0.1200000000000001,1
2023,NJ,USA,English,White,WS,W,WOMEN'S SOCCER,S21,Fall2021,U2,FRESHMEN,Freshmen,223.5,1380.0,,,,0.0,0.0,4.0,COM,691.0,Public Relations,CAS,317.0,Interntl Relations,4.0,4.0,4.0,4.0,4.0,4.0,4.0,4.0,4.0,4.0,4.0,4.0,4.0,4.0,4.0,4.0,4.0,4.0,4.0,4.0,4.0,4.0,4.0,4.0,4.0,4.0,4.0,0.0,0.0,0.0,0.0,0.0,0.0,0.0,1,0,0.0,1
2023,PA,USA,English,White,LW,W,LACROSSE (WOMEN),S21,Fall2021,U2,FRESHMEN,Freshmen,,,,,,0.0,0.0,3.0,CAS,638.0,Hospitality and Comm,SHA,518.0,Hospitality Admin,2.84,3.23,2.93,2.74,2.84,2.84,2.84,2.84,2.84,2.84,2.84,2.84,2.84,2.84,2.84,2.84,2.84,2.84,2.84,2.84,2.84,2.84,2.84,3.23,2.53,2.4,3.23,0.0,0.0,0.0,0.0,0.0,0.0,0.0,1,0,-0.3900000000000001,1
2021,NH,USA,English,No Information,WC,W,WOMEN'S ROWING,S18,Fall2018,U4,TRANSFERS,Transfers,210.0,,,,,,,3.5,CAS,401.0,Biology,SAR,5558.0,Health Science,3.49,2.78,2.87,3.1,3.3,3.43,3.49,3.49,3.49,3.49,3.49,3.49,3.49,3.49,3.49,3.49,3.49,3.49,3.49,3.49,3.49,3.49,3.49,2.78,3.0,3.5,3.91,3.93,3.77,0.0,0.0,0.0,0.0,0.0,1,1,0.7100000000000004,1
2023,GA,USA,English,African American or Black,WC,W,WOMEN'S ROWING,S21,Fall2021,U2,FRESHMEN,Freshmen,219.0,1340.0,29.0,,,0.0,0.0,3.9,COM,602.0,Journalism,CAS,2001.0,Psychology,3.81,3.78,3.81,3.79,3.81,3.81,3.81,3.81,3.81,3.81,3.81,3.81,3.81,3.81,3.81,3.81,3.81,3.81,3.81,3.81,3.81,3.81,3.81,3.78,3.85,3.75,3.85,0.0,0.0,0.0,0.0,0.0,0.0,0.0,1,0,0.03000000000000025,1
2023,NY,USA,English,White,LW,W,LACROSSE (WOMEN),S20,Fall2020,U3,FRESHMEN,Freshmen,206.2,1210.0,25.0,,,0.0,0.0,3.7,CAS,602.0,Journalism,COM,691.0,Public Relations,3.21,3.43,3.48,3.26,3.16,3.14,3.21,3.21,3.21,3.21,3.21,3.21,3.21,3.21,3.21,3.21,3.21,3.21,3.21,3.21,3.21,3.21,3.21,3.43,3.53,2.83,2.85,3.08,3.58,0.0,0.0,0.0,0.0,0.0,1,0,-0.2200000000000002,1
2023,NY,USA,English,Two or More Races Reported,WB,W,WOMEN'S BASKETBALL,S21,Fall2021,U3,TRANSFERS,Transfers,225.0,,,,,0.0,0.0,3.7,CAS,1701.0,Mathematics,CAS,2001.0,Psychology,2.78,2.93,2.81,2.7,2.78,2.78,2.78,2.78,2.78,2.78,2.78,2.78,2.78,2.78,2.78,2.78,2.78,2.78,2.78,2.78,2.78,2.78,2.78,2.93,2.67,2.25,3.0,0.0,0.0,0.0,0.0,0.0,0.0,0.0,1,1,-0.15000000000000036,1
2021,NY,USA,English,White,LR,W,WOMENS LIGHTWEIGHT ROWING,S20,Fall2020,U1,FRESHMEN,Freshmen,213.7,1270.0,,,,,,3.9,SAR,2207.0,Political Science,SAR,5558.0,Health Science,3.38,0.0,0.0,3.75,3.38,3.38,3.38,3.38,3.38,3.38,3.38,3.38,3.38,3.38,3.38,3.38,3.38,3.38,3.38,3.38,3.38,3.38,3.38,0.0,0.0,3.75,3.0,0.0,0.0,0.0,0.0,0.0,0.0,0.0,1,0,3.38,1
2021,IN,USA,English,White,SG,W,WOMEN'S SWIMMING,S17,Fall2017,U4,FRESHMEN,Freshmen,220.5,1340.0,30.0,1330.0,,,,4.0,ENG,905.0,Biomedical Engnrng,ENG,910.0,Mechanical Engnrng,3.45,3.0,3.16,3.24,3.32,3.34,3.36,3.41,3.45,3.45,3.45,3.45,3.45,3.45,3.45,3.45,3.45,3.45,3.45,3.45,3.45,3.45,3.45,3.0,3.33,3.37,3.56,3.38,4.0,3.68,4.0,0.0,0.0,0.0,1,0,0.4500000000000002,1
2022,,Canada,English,Non-Resident Alien,WC,W,WOMEN'S ROWING,S17,Fall2017,U4,FRESHMEN,Freshmen,212.2,1270.0,,1270.0,,,,3.8,CAS,466.0,"Bio Cell,Molec,Gentc",CAS,1905.0,Chemistry,3.89,3.93,3.89,3.82,3.81,3.79,3.83,3.84,3.86,3.88,3.89,3.89,3.89,3.89,3.89,3.89,3.89,3.89,3.89,3.89,3.89,3.89,3.89,3.93,3.85,3.68,3.77,3.75,4.0,3.93,4.0,4.0,4.0,0.0,1,0,-0.040000000000000036,1
2023,CA,USA,English,No Information,WG,W,WOMEN'S GOLF,S20,Fall2020,U4,TRANSFERS,Transfers,231.0,1320.0,,,,0.0,0.0,3.8,COM,614.0,Advertising,QST,506.0,Business Admin & Mgt,3.2,3.43,3.46,3.45,3.29,3.19,3.2,3.2,3.2,3.2,3.2,3.2,3.2,3.2,3.2,3.2,3.2,3.2,3.2,3.2,3.2,3.2,3.2,3.43,3.5,3.23,3.06,2.7,3.24,0.0,0.0,0.0,0.0,0.0,1,1,-0.22999999999999998,1
2023,,Switzerland,Non-English,Non-Resident Alien,WH,W,WOMEN'S HOCKEY,S22,Fall2022,G1,FRESHMEN,Freshmen,,,,,,0.0,0.0,,MET,,,MET,,,,,3.93,3.93,3.93,3.93,3.93,3.93,3.93,3.93,3.93,3.93,3.93,3.93,3.93,3.93,3.93,3.93,3.93,3.93,3.93,3.93,3.93,3.93,0.0,0.0,0.0,0.0,0.0,0.0,0.0,0.0,0.0,0.0,1,0,,1
2023,IL,USA,English,African American or Black,WS,W,WOMEN'S SOCCER,S22,Fall2022,U1,FRESHMEN,Freshmen,,,,,,0.0,0.0,3.8,SAR,424.0,Nutritional Sciences,CAS,2292.0,Anthro-SpecSocioAnth,3.43,3.03,3.43,3.43,3.43,3.43,3.43,3.43,3.43,3.43,3.43,3.43,3.43,3.43,3.43,3.43,3.43,3.43,3.43,3.43,3.43,3.43,3.43,3.03,3.83,0.0,0.0,0.0,0.0,0.0,0.0,0.0,0.0,0.0,1,0,0.40000000000000036,1
2023,CA,USA,English,White,LR,W,WOMENS LIGHTWEIGHT ROWING,S22,Fall2022,U1,FRESHMEN,Freshmen,,,,,,,,,COM,449.0,Neuroscience,COM,608.0,Film and Television,4.0,0.0,0.0,4.0,4.0,4.0,4.0,4.0,4.0,4.0,4.0,4.0,4.0,4.0,4.0,4.0,4.0,4.0,4.0,4.0,4.0,4.0,4.0,0.0,0.0,4.0,4.0,0.0,0.0,0.0,0.0,0.0,0.0,0.0,1,0,4.0,1
2023,MA,USA,English,White,CW,W,CROSS COUNTRY (WOMEN),J23,Sprg2023,U2,TRANSFERS,Transfers,,,,,,,,,SAR,,,SAR,,,3.2,3.2,3.2,3.2,3.2,3.2,3.2,3.2,3.2,3.2,3.2,3.2,3.2,3.2,3.2,3.2,3.2,3.2,3.2,3.2,3.2,3.2,3.2,3.2,0.0,0.0,0.0,0.0,0.0,0.0,0.0,0.0,0.0,0.0,1,1,0.0,1
2023,OH,USA,English,White,CW,W,CROSS COUNTRY (WOMEN),S22,Fall2022,U1,FRESHMEN,Freshmen,231.0,1480.0,3.0,,,0.0,0.0,4.0,ENG,905.0,Biomedical Engnrng,CAS,441.0,Biochem & Molec Bio,3.68,3.68,3.68,3.68,3.68,3.68,3.68,3.68,3.68,3.68,3.68,3.68,3.68,3.68,3.68,3.68,3.68,3.68,3.68,3.68,3.68,3.68,3.68,3.68,3.68,0.0,0.0,0.0,0.0,0.0,0.0,0.0,0.0,0.0,1,0,0.0,1
2023,CT,USA,English,White,SG,W,WOMEN'S SWIMMING,J23,Sprg2023,U2,TRANSFERS,Transfers,,,,,,,,,CAS,,,CAS,,,3.43,3.43,3.43,3.43,3.43,3.43,3.43,3.43,3.43,3.43,3.43,3.43,3.43,3.43,3.43,3.43,3.43,3.43,3.43,3.43,3.43,3.43,3.43,3.43,0.0,0.0,0.0,0.0,0.0,0.0,0.0,0.0,0.0,0.0,1,1,0.0,1
2023,MA,USA,English,Hispanic/Latino,WC,W,WOMEN'S ROWING,S22,Fall2022,U1,FRESHMEN,Freshmen,,,,,,0.0,0.0,3.7,CAS,401.0,Biology,SAR,5558.0,Health Science,2.09,2.25,2.09,2.09,2.09,2.09,2.09,2.09,2.09,2.09,2.09,2.09,2.09,2.09,2.09,2.09,2.09,2.09,2.09,2.09,2.09,2.09,2.09,2.25,1.93,0.0,0.0,0.0,0.0,0.0,0.0,0.0,0.0,0.0,1,0,-0.16000000000000014,1
2023,MA,USA,English,White,LR,W,WOMENS LIGHTWEIGHT ROWING,S22,Fall2022,U1,FRESHMEN,Freshmen,227.2,1430.0,,,,0.0,0.0,4.0,ENG,910.0,Mechanical Engnrng,ENG,905.0,Biomedical Engnrng,3.32,3.25,3.32,3.32,3.32,3.32,3.32,3.32,3.32,3.32,3.32,3.32,3.32,3.32,3.32,3.32,3.32,3.32,3.32,3.32,3.32,3.32,3.32,3.25,3.41,0.0,0.0,0.0,0.0,0.0,0.0,0.0,0.0,0.0,1,0,0.06999999999999984,1
2023,OH,USA,English,No Information,WG,W,WOMEN'S GOLF,J23,Sprg2023,U2,TRANSFERS,Transfers,,,,,,,,4.3,CAS,,,CAS,,,3.77,3.77,3.77,3.77,3.77,3.77,3.77,3.77,3.77,3.77,3.77,3.77,3.77,3.77,3.77,3.77,3.77,3.77,3.77,3.77,3.77,3.77,3.77,3.77,0.0,0.0,0.0,0.0,0.0,0.0,0.0,0.0,0.0,0.0,1,1,0.0,1
2023,MA,USA,English,White,WC,W,WOMEN'S ROWING,S22,Fall2022,U2,TRANSFERS,Transfers,237.0,,,,,0.0,0.0,3.8,SED,2110.0,Edu&HumanDevelopment,SED,2112.0,Edu&HumanDevSpecCAMH,3.89,4.0,3.89,3.89,3.89,3.89,3.89,3.89,3.89,3.89,3.89,3.89,3.89,3.89,3.89,3.89,3.89,3.89,3.89,3.89,3.89,3.89,3.89,4.0,3.78,0.0,0.0,0.0,0.0,0.0,0.0,0.0,0.0,0.0,1,1,-0.10999999999999988,1
2023,NY,USA,English,White,LR,W,WOMENS LIGHTWEIGHT ROWING,S22,Fall2022,U1,FRESHMEN,Freshmen,225.0,1400.0,,,,0.0,0.0,4.0,CAS,430.0,"Bio, Neurobiology",SAR,1237.0,Human Physiology,3.21,3.5,3.21,3.21,3.21,3.21,3.21,3.21,3.21,3.21,3.21,3.21,3.21,3.21,3.21,3.21,3.21,3.21,3.21,3.21,3.21,3.21,3.21,3.5,2.93,0.0,0.0,0.0,0.0,0.0,0.0,0.0,0.0,0.0,1,0,-0.29000000000000004,1
2023,,Chile,Non-English,Non-Resident Alien,FH,W,FIELD HOCKEY,S22,Fall2022,U1,FRESHMEN,Freshmen,,,,,,0.0,0.0,3.1,CAS,466.0,"Bio Cell,Molec,Gentc",SAR,1237.0,Human Physiology,3.8,3.75,3.8,3.8,3.8,3.8,3.8,3.8,3.8,3.8,3.8,3.8,3.8,3.8,3.8,3.8,3.8,3.8,3.8,3.8,3.8,3.8,3.8,3.75,3.85,0.0,0.0,0.0,0.0,0.0,0.0,0.0,0.0,0.0,1,0,0.04999999999999982,1
2023,,Ireland,English,Non-Resident Alien,FH,W,FIELD HOCKEY,J23,Sprg2023,U1,FRESHMEN,Freshmen,,,,,,,,3.7,CAS,,,CAS,,,2.93,2.93,2.93,2.93,2.93,2.93,2.93,2.93,2.93,2.93,2.93,2.93,2.93,2.93,2.93,2.93,2.93,2.93,2.93,2.93,2.93,2.93,2.93,2.93,0.0,0.0,0.0,0.0,0.0,0.0,0.0,0.0,0.0,0.0,1,0,0.0,1
2023,MA,USA,English,White,LR,W,WOMENS LIGHTWEIGHT ROWING,S21,Fall2021,U3,TRANSFERS,Transfers,240.0,,,,,0.0,0.0,3.9,SAR,5558.0,Health Science,SAR,1237.0,Human Physiology,3.31,3.43,3.39,3.25,3.31,3.31,3.31,3.31,3.31,3.31,3.31,3.31,3.31,3.31,3.31,3.31,3.31,3.31,3.31,3.31,3.31,3.31,3.31,3.43,3.35,2.98,3.5,0.0,0.0,0.0,0.0,0.0,0.0,0.0,1,1,-0.1200000000000001,1
2023,TN,USA,English,White,WC,W,WOMEN'S ROWING,S22,Fall2022,U1,FRESHMEN,Freshmen,228.7,1450.0,,,,0.0,0.0,4.0,CAS,401.0,Biology,SAR,1237.0,Human Physiology,3.66,3.78,3.66,3.66,3.66,3.66,3.66,3.66,3.66,3.66,3.66,3.66,3.66,3.66,3.66,3.66,3.66,3.66,3.66,3.66,3.66,3.66,3.66,3.78,3.54,0.0,0.0,0.0,0.0,0.0,0.0,0.0,0.0,0.0,1,0,-0.11999999999999966,1
2023,NJ,USA,English,African American or Black,WS,W,WOMEN'S SOCCER,S22,Fall2022,U3,TRANSFERS,Transfers,225.0,,,,,0.0,0.0,3.7,CAS,2001.0,Psychology,SAR,5558.0,Health Science,3.27,3.1,3.27,3.27,3.27,3.27,3.27,3.27,3.27,3.27,3.27,3.27,3.27,3.27,3.27,3.27,3.27,3.27,3.27,3.27,3.27,3.27,3.27,3.1,3.4,0.0,0.0,0.0,0.0,0.0,0.0,0.0,0.0,0.0,1,1,0.16999999999999993,1
2023,CA,USA,English,No Information,WS,W,WOMEN'S SOCCER,S22,Fall2022,U1,FRESHMEN,Freshmen,,,3.0,,,0.0,0.0,4.0,ENG,905.0,Biomedical Engnrng,ENG,910.0,Mechanical Engnrng,4.0,4.0,4.0,4.0,4.0,4.0,4.0,4.0,4.0,4.0,4.0,4.0,4.0,4.0,4.0,4.0,4.0,4.0,4.0,4.0,4.0,4.0,4.0,4.0,4.0,0.0,0.0,0.0,0.0,0.0,0.0,0.0,0.0,0.0,1,0,0.0,1
